domain,method,full_bp_evaluations,residual,tolerance,residual_over_tolerance
Gaussian/PDE,BP,9.0,0.20374717691367195,1e-08,20374717.691367194
Gaussian/PDE,BP,43.27298050139276,0.08041416123679662,1e-08,8041416.123679662
Gaussian/PDE,BP,77.54596100278552,0.053937352982846944,1e-08,5393735.298284695
Gaussian/PDE,BP,111.81894150417827,0.041104769096747464,1e-08,4110476.9096747465
Gaussian/PDE,BP,146.09192200557104,0.03363515924691925,1e-08,3363515.924691925
Gaussian/PDE,BP,180.3649025069638,0.028866782717247432,1e-08,2886678.2717247433
Gaussian/PDE,BP,214.63788300835654,0.025593862777560532,1e-08,2559386.277756053
Gaussian/PDE,BP,248.9108635097493,0.023202056784551794,1e-08,2320205.6784551796
Gaussian/PDE,BP,283.18384401114207,0.021356859748512973,1e-08,2135685.974851297
Gaussian/PDE,BP,317.4568245125348,0.01986050788437685,1e-08,1986050.7884376848
Gaussian/PDE,BP,351.7298050139276,0.01860115559228188,1e-08,1860115.5592281881
Gaussian/PDE,BP,386.00278551532034,0.01751120259571429,1e-08,1751120.259571429
Gaussian/PDE,BP,420.2757660167131,0.016547297167113836,1e-08,1654729.7167113835
Gaussian/PDE,BP,454.5487465181059,0.01568058276201553,1e-08,1568058.276201553
Gaussian/PDE,BP,488.8217270194986,0.014891816826892192,1e-08,1489181.6826892192
Gaussian/PDE,BP,523.0947075208913,0.014167603557822763,1e-08,1416760.3557822763
Gaussian/PDE,BP,557.3676880222841,0.013497505333547972,1e-08,1349750.5333547972
Gaussian/PDE,BP,591.6406685236769,0.012873936563459636,1e-08,1287393.6563459635
Gaussian/PDE,BP,625.9136490250696,0.012291089247782225,1e-08,1229108.9247782226
Gaussian/PDE,BP,660.1866295264624,0.011744290639277928,1e-08,1174429.0639277927
Gaussian/PDE,BP,694.4596100278552,0.011229663165533298,1e-08,1122966.3165533298
Gaussian/PDE,BP,728.7325905292479,0.010744099072859607,1e-08,1074409.9072859606
Gaussian/PDE,BP,763.0055710306407,0.010285058255073023,1e-08,1028505.8255073023
Gaussian/PDE,BP,797.2785515320335,0.009850246346439969,1e-08,985024.6346439968
Gaussian/PDE,BP,831.5515320334262,0.009437749657683969,1e-08,943774.9657683969
Gaussian/PDE,BP,865.824512534819,0.009045414900537242,1e-08,904541.4900537241
Gaussian/PDE,BP,900.0974930362117,0.008550923083035816,1e-08,855092.3083035817
Gaussian/PDE,BP,934.3704735376045,0.008088155809569087,1e-08,808815.5809569086
Gaussian/PDE,BP,968.6434540389972,0.007654784823316284,1e-08,765478.4823316283
Gaussian/PDE,BP,1002.91643454039,0.007248735278337116,1e-08,724873.5278337116
Gaussian/PDE,BP,1037.1894150417827,0.006868007621776231,1e-08,686800.7621776231
Gaussian/PDE,BP,1071.4623955431755,0.006510801184363884,1e-08,651080.1184363883
Gaussian/PDE,BP,1105.7353760445683,0.006175483923551495,1e-08,617548.3923551495
Gaussian/PDE,BP,1140.008356545961,0.0058605491420578495,1e-08,586054.9142057849
Gaussian/PDE,BP,1174.2813370473539,0.00556455705637202,1e-08,556455.705637202
Gaussian/PDE,BP,1208.5543175487467,0.0052862103351640375,1e-08,528621.0335164038
Gaussian/PDE,BP,1242.8272980501392,0.005024339557700194,1e-08,502433.95577001944
Gaussian/PDE,BP,1277.100278551532,0.004777805166512697,1e-08,477780.51665126975
Gaussian/PDE,BP,1311.3732590529248,0.004545569591021451,1e-08,454556.95910214505
Gaussian/PDE,BP,1345.6462395543176,0.004326687397629504,1e-08,432668.7397629504
Gaussian/PDE,BP,1379.9192200557104,0.004120284349256382,1e-08,412028.43492563814
Gaussian/PDE,BP,1414.1922005571032,0.00392551566918836,1e-08,392551.56691883603
Gaussian/PDE,BP,1448.4651810584958,0.0037416196429966046,1e-08,374161.96429966047
Gaussian/PDE,BP,1482.7381615598886,0.003567907136573583,1e-08,356790.7136573583
Gaussian/PDE,BP,1517.0111420612814,0.003403706165005695,1e-08,340370.6165005695
Gaussian/PDE,BP,1551.2841225626742,0.0032484011715668737,1e-08,324840.11715668737
Gaussian/PDE,BP,1585.557103064067,0.0031014303878788745,1e-08,310143.03878788743
Gaussian/PDE,BP,1619.8300835654597,0.0029622753748457012,1e-08,296227.5374845701
Gaussian/PDE,BP,1654.1030640668523,0.002830431880705815,1e-08,283043.1880705815
Gaussian/PDE,BP,1688.376044568245,0.002705445251439344,1e-08,270544.5251439344
Gaussian/PDE,BP,1722.649025069638,0.002586902625983646,1e-08,258690.26259836458
Gaussian/PDE,BP,1756.9220055710307,0.002474402648014891,1e-08,247440.2648014891
Gaussian/PDE,BP,1791.1949860724235,0.0023675753762079383,1e-08,236757.53762079382
Gaussian/PDE,BP,1825.4679665738163,0.002266082456618728,1e-08,226608.2456618728
Gaussian/PDE,BP,1859.740947075209,0.0021696120921163783,1e-08,216961.20921163782
Gaussian/PDE,BP,1894.0139275766016,0.002077859759730429,1e-08,207785.97597304286
Gaussian/PDE,BP,1928.2869080779944,0.001990550313844387,1e-08,199055.03138443868
Gaussian/PDE,BP,1962.5598885793872,0.0019074325485119261,1e-08,190743.2548511926
Gaussian/PDE,BP,1996.83286908078,0.0018282633110926082,1e-08,182826.33110926082
Gaussian/PDE,BP,2031.1058495821728,0.0017528168698394413,1e-08,175281.68698394412
Gaussian/PDE,BP,2065.3788300835654,0.0016808859446622013,1e-08,168088.59446622012
Gaussian/PDE,BP,2099.651810584958,0.0016122794198797086,1e-08,161227.94198797084
Gaussian/PDE,BP,2133.924791086351,0.0015468102133559293,1e-08,154681.02133559293
Gaussian/PDE,BP,2168.197771587744,0.001484308452989412,1e-08,148430.8452989412
Gaussian/PDE,BP,2202.4707520891366,0.0014246179343000568,1e-08,142461.79343000567
Gaussian/PDE,BP,2236.7437325905294,0.0013675880843633263,1e-08,136758.80843633262
Gaussian/PDE,BP,2271.016713091922,0.0013130780274385409,1e-08,131307.8027438541
Gaussian/PDE,BP,2305.289693593315,0.0012609576504130932,1e-08,126095.76504130932
Gaussian/PDE,BP,2339.5626740947077,0.0012111066299991112,1e-08,121110.66299991112
Gaussian/PDE,BP,2373.8356545961005,0.0011634071083956384,1e-08,116340.71083956384
Gaussian/PDE,BP,2408.1086350974933,0.001117751270900098,1e-08,111775.1270900098
Gaussian/PDE,BP,2442.3816155988857,0.001074039156373274,1e-08,107403.9156373274
Gaussian/PDE,BP,2476.6545961002785,0.0010321747085568892,1e-08,103217.47085568892
Gaussian/PDE,BP,2510.9275766016713,0.0009920673702528437,1e-08,99206.73702528437
Gaussian/PDE,BP,2545.200557103064,0.000953632914178161,1e-08,95363.29141781609
Gaussian/PDE,BP,2579.473537604457,0.0009167930614104461,1e-08,91679.30614104461
Gaussian/PDE,BP,2613.7465181058496,0.0008814711957834378,1e-08,88147.11957834379
Gaussian/PDE,BP,2648.0194986072424,0.0008475966034084803,1e-08,84759.66034084803
Gaussian/PDE,BP,2682.2924791086352,0.0008151031691153147,1e-08,81510.31691153147
Gaussian/PDE,BP,2716.565459610028,0.000783927477842601,1e-08,78392.7477842601
Gaussian/PDE,BP,2750.838440111421,0.0007540093431349646,1e-08,75400.93431349646
Gaussian/PDE,BP,2785.1114206128136,0.0007252923749369687,1e-08,72529.23749369687
Gaussian/PDE,BP,2819.3844011142064,0.0006977238451518292,1e-08,69772.38451518292
Gaussian/PDE,BP,2853.657381615599,0.0006712522369211004,1e-08,67125.22369211004
Gaussian/PDE,BP,2887.9303621169915,0.0006458295668242209,1e-08,64582.95668242209
Gaussian/PDE,BP,2922.2033426183843,0.0006214106277075541,1e-08,62141.06277075541
Gaussian/PDE,BP,2956.476323119777,0.0005979520889411224,1e-08,59795.208894112235
Gaussian/PDE,BP,2990.74930362117,0.0005754126069976767,1e-08,57541.26069976767
Gaussian/PDE,BP,3025.0222841225627,0.0005537531831214599,1e-08,55375.31831214599
Gaussian/PDE,BP,3059.2952646239555,0.0005329371228618913,1e-08,53293.712286189126
Gaussian/PDE,BP,3093.5682451253483,0.0005129286568866707,1e-08,51292.865688667065
Gaussian/PDE,BP,3127.841225626741,0.0004936941915649964,1e-08,49369.41915649964
Gaussian/PDE,BP,3162.114206128134,0.00047520187538334325,1e-08,47520.18753833432
Gaussian/PDE,BP,3196.3871866295267,0.00045742117540146897,1e-08,45742.11754014689
Gaussian/PDE,BP,3230.6601671309195,0.00044032284705128387,1e-08,44032.28470512838
Gaussian/PDE,BP,3264.9331476323123,0.00042387915316717913,1e-08,42387.91531671791
Gaussian/PDE,BP,3299.2061281337046,0.0004080638210170383,1e-08,40806.38210170383
Gaussian/PDE,BP,3333.4791086350974,0.00039285134092660444,1e-08,39285.134092660446
Gaussian/PDE,BP,3367.75208913649,0.0003782175631322437,1e-08,37821.756313224374
Gaussian/PDE,BP,3402.025069637883,0.000364139484265685,1e-08,36413.948426568495
Gaussian/PDE,BP,3436.298050139276,0.00035059504062796403,1e-08,35059.504062796404
Gaussian/PDE,BP,3470.5710306406686,0.00033756304568137674,1e-08,33756.304568137675
Gaussian/PDE,BP,3504.8440111420614,0.00032502331785688363,1e-08,32502.331785688362
Gaussian/PDE,BP,3539.116991643454,0.0003129566390026832,1e-08,31295.66390026832
Gaussian/PDE,BP,3573.389972144847,0.000301344407778144,1e-08,30134.440777814398
Gaussian/PDE,BP,3607.66295264624,0.00029016890792778183,1e-08,29016.890792778184
Gaussian/PDE,BP,3641.9359331476326,0.00027941320680763797,1e-08,27941.320680763794
Gaussian/PDE,BP,3676.2089136490254,0.00026906105135073824,1e-08,26906.105135073823
Gaussian/PDE,BP,3710.481894150418,0.000259096810127964,1e-08,25909.6810127964
Gaussian/PDE,BP,3744.7548746518105,0.00024950554401499344,1e-08,24950.554401499343
Gaussian/PDE,BP,3779.0278551532033,0.00024027297296728072,1e-08,24027.297296728073
Gaussian/PDE,BP,3813.300835654596,0.00023138530314418203,1e-08,23138.530314418203
Gaussian/PDE,BP,3847.573816155989,0.00022282934305543363,1e-08,22282.934305543364
Gaussian/PDE,BP,3881.8467966573817,0.00021459245365524092,1e-08,21459.24536552409
Gaussian/PDE,BP,3916.1197771587745,0.00020666249412846293,1e-08,20666.249412846293
Gaussian/PDE,BP,3950.3927576601673,0.0001990277774722315,1e-08,19902.77774722315
Gaussian/PDE,BP,3984.66573816156,0.0001916771073353876,1e-08,19167.71073353876
Gaussian/PDE,BP,4018.938718662953,0.00018459975334629837,1e-08,18459.97533462984
Gaussian/PDE,BP,4053.2116991643456,0.00017778536334649159,1e-08,17778.536334649158
Gaussian/PDE,BP,4087.4846796657384,0.00017122401053909863,1e-08,17122.401053909864
Gaussian/PDE,BP,4121.757660167131,0.00016490616742061685,1e-08,16490.616742061684
Gaussian/PDE,BP,4156.030640668524,0.00015882267606142343,1e-08,15882.267606142343
Gaussian/PDE,BP,4190.303621169916,0.00015296471661227292,1e-08,15296.471661227291
Gaussian/PDE,BP,4224.57660167131,0.0001473238250237419,1e-08,14732.38250237419
Gaussian/PDE,BP,4258.849582172702,0.0001418918752677777,1e-08,14189.187526777769
Gaussian/PDE,BP,4293.122562674095,0.0001366610335143151,1e-08,13666.10335143151
Gaussian/PDE,BP,4327.395543175488,0.00013162377485373183,1e-08,13162.377485373183
Gaussian/PDE,BP,4361.668523676881,0.00012677286848344503,1e-08,12677.286848344504
Gaussian/PDE,BP,4395.941504178273,0.00012210136035389627,1e-08,12210.136035389627
Gaussian/PDE,BP,4430.2144846796655,0.00011760255159377794,1e-08,11760.255159377793
Gaussian/PDE,BP,4464.487465181059,0.00011327000590000534,1e-08,11327.000590000534
Gaussian/PDE,BP,4498.760445682451,0.00010909753684303346,1e-08,10909.753684303347
Gaussian/PDE,BP,4533.033426183844,0.00010507918296832742,1e-08,10507.918296832742
Gaussian/PDE,BP,4567.306406685237,0.00010120921169887665,1e-08,10120.921169887664
Gaussian/PDE,BP,4601.57938718663,9.748211008235076e-05,1e-08,9748.211008235075
Gaussian/PDE,BP,4635.852367688022,9.389257394545234e-05,1e-08,9389.257394545233
Gaussian/PDE,BP,4670.1253481894155,9.043549328484252e-05,1e-08,9043.549328484252
Gaussian/PDE,BP,4704.398328690808,8.710595436611691e-05,1e-08,8710.595436611691
Gaussian/PDE,BP,4738.671309192201,8.389923064074955e-05,1e-08,8389.923064074954
Gaussian/PDE,BP,4772.944289693593,8.081076850684922e-05,1e-08,8081.076850684922
Gaussian/PDE,BP,4807.217270194987,7.783618625061526e-05,1e-08,7783.6186250615265
Gaussian/PDE,BP,4841.490250696379,7.497126775736939e-05,1e-08,7497.126775736939
Gaussian/PDE,BP,4875.763231197771,7.221195528865885e-05,1e-08,7221.195528865885
Gaussian/PDE,BP,4910.036211699165,6.955433957364835e-05,1e-08,6955.433957364835
Gaussian/PDE,BP,4944.309192200557,6.69946593955296e-05,1e-08,6699.46593955296
Gaussian/PDE,BP,4978.58217270195,6.452929504201649e-05,1e-08,6452.929504201648
Gaussian/PDE,BP,5012.8551532033425,6.215475967706845e-05,1e-08,6215.475967706844
Gaussian/PDE,BP,5047.128133704736,5.986769670653056e-05,1e-08,5986.769670653056
Gaussian/PDE,BP,5081.401114206128,5.766487523198478e-05,1e-08,5766.487523198478
Gaussian/PDE,BP,5115.674094707521,5.5543184990296214e-05,1e-08,5554.318499029621
Gaussian/PDE,BP,5149.947075208914,5.349962956128053e-05,1e-08,5349.9629561280535
Gaussian/PDE,BP,5184.220055710307,5.153132492225379e-05,1e-08,5153.132492225379
Gaussian/PDE,BP,5218.493036211699,4.9635494672297267e-05,1e-08,4963.549467229726
Gaussian/PDE,BP,5252.7660167130925,4.780946449107937e-05,1e-08,4780.946449107937
Gaussian/PDE,BP,5287.038997214485,4.6050659312204124e-05,1e-08,4605.0659312204125
Gaussian/PDE,BP,5321.311977715877,4.435659990682409e-05,1e-08,4435.6599906824085
Gaussian/PDE,BP,5355.5849582172705,4.2724899205537924e-05,1e-08,4272.489920553792
Gaussian/PDE,BP,5389.857938718663,4.115325757488019e-05,1e-08,4115.325757488019
Gaussian/PDE,BP,5424.130919220056,3.963946108041446e-05,1e-08,3963.946108041446
Gaussian/PDE,BP,5458.403899721448,3.818137796893604e-05,1e-08,3818.137796893604
Gaussian/PDE,BP,5492.676880222842,3.677695492177813e-05,1e-08,3677.695492177813
Gaussian/PDE,BP,5526.949860724234,3.5424214530572416e-05,1e-08,3542.4214530572417
Gaussian/PDE,BP,5561.222841225627,3.412125268109584e-05,1e-08,3412.1252681095843
Gaussian/PDE,BP,5595.49582172702,3.2866235813615034e-05,1e-08,3286.6235813615035
Gaussian/PDE,BP,5629.768802228413,3.16573975828953e-05,1e-08,3165.73975828953
Gaussian/PDE,BP,5664.041782729805,3.049303717790149e-05,1e-08,3049.3037177901488
Gaussian/PDE,BP,5698.314763231198,2.9371516709099245e-05,1e-08,2937.151670909924
Gaussian/PDE,BP,5732.587743732591,2.8291258563489098e-05,1e-08,2829.1258563489096
Gaussian/PDE,BP,5766.860724233983,2.7250743316883893e-05,1e-08,2725.074331688389
Gaussian/PDE,BP,5801.133704735376,2.6248507713438355e-05,1e-08,2624.8507713438353
Gaussian/PDE,BP,5835.406685236769,2.52831425895896e-05,1e-08,2528.3142589589597
Gaussian/PDE,BP,5869.679665738162,2.4353290476897048e-05,1e-08,2435.3290476897046
Gaussian/PDE,BP,5903.952646239554,2.3457644122092414e-05,1e-08,2345.7644122092415
Gaussian/PDE,BP,5938.2256267409475,2.2594944528441e-05,1e-08,2259.4944528440997
Gaussian/PDE,BP,5972.49860724234,2.1763979031584882e-05,1e-08,2176.397903158488
Gaussian/PDE,BP,6006.771587743733,2.0963579635108217e-05,1e-08,2096.3579635108217
Gaussian/PDE,BP,6041.044568245125,2.0192621441139005e-05,1e-08,2019.2621441139006
Gaussian/PDE,BP,6075.317548746519,1.945002107071409e-05,1e-08,1945.002107071409
Gaussian/PDE,BP,6109.590529247911,1.873473491093845e-05,1e-08,1873.473491093845
Gaussian/PDE,BP,6143.863509749304,1.8045757877508388e-05,1e-08,1804.5757877508388
Gaussian/PDE,BP,6178.136490250697,1.738212193590188e-05,1e-08,1738.212193590188
Gaussian/PDE,BP,6212.409470752089,1.6742894673776182e-05,1e-08,1674.2894673776182
Gaussian/PDE,BP,6246.682451253482,1.6127177996681322e-05,1e-08,1612.717799668132
Gaussian/PDE,BP,6280.955431754875,1.5534106911524153e-05,1e-08,1553.4106911524152
Gaussian/PDE,BP,6315.228412256268,1.4962848310465209e-05,1e-08,1496.2848310465208
Gaussian/PDE,BP,6349.50139275766,1.4412599685536104e-05,1e-08,1441.2599685536104
Gaussian/PDE,BP,6383.774373259053,1.3882588112810367e-05,1e-08,1388.2588112810367
Gaussian/PDE,BP,6418.047353760446,1.3372069137249665e-05,1e-08,1337.2069137249664
Gaussian/PDE,BP,6452.320334261839,1.288032569255127e-05,1e-08,1288.032569255127
Gaussian/PDE,BP,6486.593314763231,1.2406667095023365e-05,1e-08,1240.6667095023365
Gaussian/PDE,BP,6520.866295264625,1.1950428096790636e-05,1e-08,1195.0428096790636
Gaussian/PDE,BP,6555.139275766017,1.1510967951933146e-05,1e-08,1151.0967951933146
Gaussian/PDE,BP,6589.412256267409,1.1087669459136461e-05,1e-08,1108.7669459136462
Gaussian/PDE,BP,6623.6852367688025,1.067993814957097e-05,1e-08,1067.993814957097
Gaussian/PDE,BP,6657.958217270195,1.0287201436415576e-05,1e-08,1028.7201436415576
Gaussian/PDE,BP,6692.231197771588,9.908907797646702e-06,1e-08,990.8907797646701
Gaussian/PDE,BP,6726.50417827298,9.544525995962612e-06,1e-08,954.4525995962612
Gaussian/PDE,BP,6760.777158774374,9.193544350404128e-06,1e-08,919.3544350404128
Gaussian/PDE,BP,6795.050139275766,8.855470013014676e-06,1e-08,885.5470013014676
Gaussian/PDE,BP,6829.323119777159,8.529828252749354e-06,1e-08,852.9828252749353
Gaussian/PDE,BP,6863.596100278552,8.216161811716767e-06,1e-08,821.6161811716767
Gaussian/PDE,BP,6897.869080779945,7.914030258529107e-06,1e-08,791.4030258529107
Gaussian/PDE,BP,6932.142061281337,7.623009362299117e-06,1e-08,762.3009362299117
Gaussian/PDE,BP,6966.41504178273,7.3426904935992616e-06,1e-08,734.2690493599262
Gaussian/PDE,BP,7000.688022284123,7.072680059791833e-06,1e-08,707.2680059791833
Gaussian/PDE,BP,7034.961002785515,6.8125989505952605e-06,1e-08,681.259895059526
Gaussian/PDE,BP,7069.233983286908,6.5620819938529465e-06,1e-08,656.2081993852946
Gaussian/PDE,BP,7103.506963788301,6.320777452524223e-06,1e-08,632.0777452524223
Gaussian/PDE,BP,7137.779944289694,6.088346530007972e-06,1e-08,608.8346530007972
Gaussian/PDE,BP,7172.052924791086,5.8644628907551995e-06,1e-08,586.44628907552
Gaussian/PDE,BP,7206.32590529248,5.648812200130574e-06,1e-08,564.8812200130574
Gaussian/PDE,BP,7240.598885793872,5.441091687540291e-06,1e-08,544.1091687540292
Gaussian/PDE,BP,7274.871866295265,5.241009719638995e-06,1e-08,524.1009719638995
Gaussian/PDE,BP,7309.1448467966575,5.048285386800981e-06,1e-08,504.8285386800981
Gaussian/PDE,BP,7343.417827298051,4.862648112287542e-06,1e-08,486.2648112287542
Gaussian/PDE,BP,7377.690807799443,4.683837272404321e-06,1e-08,468.38372724043205
Gaussian/PDE,BP,7411.963788300836,4.5116018282766405e-06,1e-08,451.160182827664
Gaussian/PDE,BP,7446.236768802229,4.345699972430771e-06,1e-08,434.5699972430771
Gaussian/PDE,BP,7480.509749303621,4.185898790931836e-06,1e-08,418.58987909318364
Gaussian/PDE,BP,7514.782729805014,4.031973938851783e-06,1e-08,403.19739388517826
Gaussian/PDE,BP,7549.055710306407,3.883709318337045e-06,1e-08,388.3709318337045
Gaussian/PDE,BP,7583.3286908078,3.740896781128362e-06,1e-08,374.08967811283617
Gaussian/PDE,BP,7617.601671309192,3.603335833419196e-06,1e-08,360.33358334191956
Gaussian/PDE,BP,7651.874651810585,3.470833355731352e-06,1e-08,347.0833355731352
Gaussian/PDE,BP,7686.147632311978,3.343203329611038e-06,1e-08,334.32033296110376
Gaussian/PDE,BP,7720.420612813371,3.220266578256106e-06,1e-08,322.0266578256106
Gaussian/PDE,BP,7754.693593314763,3.1018505144248905e-06,1e-08,310.18505144248905
Gaussian/PDE,BP,7788.966573816157,2.9877888970686654e-06,1e-08,298.77888970686655
Gaussian/PDE,BP,7823.239554317549,2.8779215995083347e-06,1e-08,287.7921599508335
Gaussian/PDE,BP,7857.512534818942,2.772094383397839e-06,1e-08,277.2094383397839
Gaussian/PDE,BP,7891.7855153203345,2.670158682735367e-06,1e-08,267.0158682735367
Gaussian/PDE,BP,7926.058495821727,2.5719713947927224e-06,1e-08,257.1971394792722
Gaussian/PDE,BP,7960.33147632312,2.477394679021248e-06,1e-08,247.73946790212477
Gaussian/PDE,BP,7994.604456824512,2.386295764788334e-06,1e-08,238.62957647883337
Gaussian/PDE,BP,8028.877437325906,2.298546763590226e-06,1e-08,229.85467635902262
Gaussian/PDE,BP,8063.150417827298,2.2140244896028745e-06,1e-08,221.40244896028744
Gaussian/PDE,BP,8097.423398328691,2.1326102871522155e-06,1e-08,213.26102871522156
Gaussian/PDE,BP,8131.696378830084,2.054189864557619e-06,1e-08,205.41898645576188
Gaussian/PDE,BP,8165.969359331477,1.9786531326401422e-06,1e-08,197.86531326401422
Gaussian/PDE,BP,8200.242339832868,1.905894050620702e-06,1e-08,190.5894050620702
Gaussian/PDE,BP,8234.515320334262,1.8358104770391976e-06,1e-08,183.58104770391975
Gaussian/PDE,BP,8268.788300835655,1.7683040269335528e-06,1e-08,176.83040269335527
Gaussian/PDE,BP,8303.061281337048,1.7032799329538628e-06,1e-08,170.32799329538628
Gaussian/PDE,BP,8337.334261838441,1.6406469129043715e-06,1e-08,164.06469129043714
Gaussian/PDE,BP,8371.607242339833,1.580317041085622e-06,1e-08,158.0317041085622
Gaussian/PDE,BP,8405.880222841226,1.5222056250574445e-06,1e-08,152.22056250574445
Gaussian/PDE,BP,8440.15320334262,1.4662310873875703e-06,1e-08,146.62310873875703
Gaussian/PDE,BP,8474.42618384401,1.4123148499859383e-06,1e-08,141.23148499859383
Gaussian/PDE,BP,8508.699164345404,1.360381224271656e-06,1e-08,136.0381224271656
Gaussian/PDE,BP,8542.972144846797,1.310357305603257e-06,1e-08,131.0357305603257
Gaussian/PDE,BP,8577.24512534819,1.2621728687585479e-06,1e-08,126.21728687585478
Gaussian/PDE,BP,8611.518105849582,1.2157602731735027e-06,1e-08,121.57602731735027
Gaussian/PDE,BP,8645.791086350975,1.1710543630283039e-06,1e-08,117.10543630283038
Gaussian/PDE,BP,8680.064066852368,1.127992380245797e-06,1e-08,112.79923802457971
Gaussian/PDE,BP,8714.337047353762,1.08651387402544e-06,1e-08,108.651387402544
Gaussian/PDE,BP,8748.610027855153,1.0465606161492279e-06,1e-08,104.65606161492279
Gaussian/PDE,BP,8782.883008356546,1.0080765204913404e-06,1e-08,100.80765204913403
Gaussian/PDE,BP,8817.15598885794,9.710075625510885e-07,1e-08,97.10075625510885
Gaussian/PDE,BP,8851.428969359331,9.353017047034544e-07,1e-08,93.53017047034544
Gaussian/PDE,BP,8885.701949860724,9.00908822640173e-07,1e-08,90.09088226401731
Gaussian/PDE,BP,8919.974930362117,8.677806360939495e-07,1e-08,86.77806360939495
Gaussian/PDE,BP,8954.24791086351,8.35870638456979e-07,1e-08,83.5870638456979
Gaussian/PDE,BP,8988.520891364902,8.051340353770467e-07,1e-08,80.51340353770466
Gaussian/PDE,BP,9022.793871866295,7.755276781362183e-07,1e-08,77.55276781362183
Gaussian/PDE,BP,9057.066852367689,7.470100059069571e-07,1e-08,74.70100059069571
Gaussian/PDE,BP,9091.339832869082,7.195409844446944e-07,1e-08,71.95409844446944
Gaussian/PDE,BP,9125.612813370473,6.930820534505112e-07,1e-08,69.30820534505112
Gaussian/PDE,BP,9159.885793871867,6.6759607018008e-07,1e-08,66.759607018008
Gaussian/PDE,BP,9194.15877437326,6.430472568198901e-07,1e-08,64.30472568198901
Gaussian/PDE,BP,9228.431754874651,6.19401151403798e-07,1e-08,61.940115140379795
Gaussian/PDE,BP,9262.704735376044,5.966245601809238e-07,1e-08,59.66245601809238
Gaussian/PDE,BP,9296.977715877438,5.746855084217094e-07,1e-08,57.468550842170934
Gaussian/PDE,BP,9331.250696378831,5.535531990325535e-07,1e-08,55.35531990325535
Gaussian/PDE,BP,9365.523676880222,5.331979661823783e-07,1e-08,53.31979661823783
Gaussian/PDE,BP,9399.796657381616,5.135912349102444e-07,1e-08,51.359123491024434
Gaussian/PDE,BP,9434.069637883009,4.947054818252333e-07,1e-08,49.47054818252332
Gaussian/PDE,BP,9468.342618384402,4.765141945874231e-07,1e-08,47.65141945874231
Gaussian/PDE,BP,9502.615598885794,4.589918364885956e-07,1e-08,45.89918364885956
Gaussian/PDE,BP,9536.888579387187,4.421138100779503e-07,1e-08,44.21138100779503
Gaussian/PDE,BP,9571.16155988858,4.258564217328756e-07,1e-08,42.58564217328756
Gaussian/PDE,BP,9605.434540389973,4.101968494456535e-07,1e-08,41.01968494456535
Gaussian/PDE,BP,9639.707520891365,3.951131099631554e-07,1e-08,39.51131099631554
Gaussian/PDE,BP,9673.980501392758,3.80584028924068e-07,1e-08,38.0584028924068
Gaussian/PDE,BP,9708.253481894151,3.665892103872503e-07,1e-08,36.658921038725026
Gaussian/PDE,BP,9742.526462395543,3.531090088628503e-07,1e-08,35.310900886285026
Gaussian/PDE,BP,9776.799442896936,3.4012450058034613e-07,1e-08,34.01245005803461
Gaussian/PDE,BP,9811.07242339833,3.276174580974499e-07,1e-08,32.76174580974499
Gaussian/PDE,BP,9845.345403899722,3.1557032369460997e-07,1e-08,31.557032369460995
Gaussian/PDE,BP,9879.618384401114,3.0396618600461334e-07,1e-08,30.396618600461334
Gaussian/PDE,BP,9913.891364902507,2.9278875483411844e-07,1e-08,29.278875483411845
Gaussian/PDE,BP,9948.1643454039,2.8202234012271406e-07,1e-08,28.202234012271404
Gaussian/PDE,BP,9982.437325905294,2.71651827013682e-07,1e-08,27.1651827013682
Gaussian/PDE,BP,10016.710306406685,2.616626580628708e-07,1e-08,26.16626580628708
Gaussian/PDE,BP,10050.983286908078,2.520408101044194e-07,1e-08,25.20408101044194
Gaussian/PDE,BP,10085.256267409472,2.4277277595563454e-07,1e-08,24.277277595563454
Gaussian/PDE,BP,10119.529247910863,2.3384554572737417e-07,1e-08,23.384554572737418
Gaussian/PDE,BP,10153.802228412256,2.252465873342574e-07,1e-08,22.52465873342574
Gaussian/PDE,BP,10188.07520891365,2.1696382895864618e-07,1e-08,21.696382895864616
Gaussian/PDE,BP,10222.348189415043,2.089856445464429e-07,1e-08,20.89856445464429
Gaussian/PDE,BP,10256.621169916434,2.0130083251423601e-07,1e-08,20.130083251423603
Gaussian/PDE,BP,10290.894150417827,1.9389860625127643e-07,1e-08,19.389860625127643
Gaussian/PDE,BP,10325.16713091922,1.8676857381178778e-07,1e-08,18.676857381178777
Gaussian/PDE,BP,10359.440111420614,1.799007263121283e-07,1e-08,17.99007263121283
Gaussian/PDE,BP,10393.713091922005,1.7328542280561007e-07,1e-08,17.328542280561006
Gaussian/PDE,BP,10427.986072423399,1.669133772080751e-07,1e-08,16.69133772080751
Gaussian/PDE,BP,10462.259052924792,1.6077564408300496e-07,1e-08,16.077564408300496
Gaussian/PDE,BP,10496.532033426185,1.548636070522579e-07,1e-08,15.486360705225788
Gaussian/PDE,BP,10530.805013927577,1.491689672385584e-07,1e-08,14.91689672385584
Gaussian/PDE,BP,10565.07799442897,1.4368373086410233e-07,1e-08,14.368373086410234
Gaussian/PDE,BP,10599.350974930363,1.384001965210609e-07,1e-08,13.840019652106092
Gaussian/PDE,BP,10633.623955431754,1.3331094812772197e-07,1e-08,13.331094812772196
Gaussian/PDE,BP,10667.896935933148,1.28408841390955e-07,1e-08,12.840884139095499
Gaussian/PDE,BP,10702.169916434541,1.236869948750351e-07,1e-08,12.36869948750351
Gaussian/PDE,BP,10736.442896935934,1.191387793756845e-07,1e-08,11.913877937568449
Gaussian/PDE,BP,10770.715877437326,1.1475781054601144e-07,1e-08,11.475781054601145
Gaussian/PDE,BP,10804.988857938719,1.1053793837446445e-07,1e-08,11.053793837446444
Gaussian/PDE,BP,10839.261838440112,1.0647323961008694e-07,1e-08,10.647323961008693
Gaussian/PDE,BP,10873.534818941505,1.0255800754088044e-07,1e-08,10.255800754088044
Gaussian/PDE,BP,10907.807799442897,9.878674631286443e-08,1e-08,9.878674631286444
Gaussian/PDE,BP,10942.08077994429,9.515416111138798e-08,1e-08,9.515416111138798
Gaussian/PDE,BP,10976.353760445683,9.165515369235135e-08,1e-08,9.165515369235134
Gaussian/PDE,BP,11010.626740947075,8.82848113661441e-08,1e-08,8.82848113661441
Gaussian/PDE,BP,11044.899721448468,8.503840283301006e-08,1e-08,8.503840283301006
Gaussian/PDE,BP,11079.172701949861,8.19113707371403e-08,1e-08,8.19113707371403
Gaussian/PDE,BP,11113.445682451254,7.889932580803734e-08,1e-08,7.889932580803733
Gaussian/PDE,BP,11147.718662952646,7.599803961975471e-08,1e-08,7.5998039619754705
Gaussian/PDE,BP,11181.99164345404,7.32034394469341e-08,1e-08,7.32034394469341
Gaussian/PDE,BP,11216.264623955432,7.051160194229673e-08,1e-08,7.051160194229673
Gaussian/PDE,BP,11250.537604456826,6.791874876144111e-08,1e-08,6.791874876144111
Gaussian/PDE,BP,11284.810584958217,6.542123957189493e-08,1e-08,6.542123957189493
Gaussian/PDE,BP,11319.08356545961,6.301556918638853e-08,1e-08,6.301556918638853
Gaussian/PDE,BP,11353.356545961004,6.069835963693103e-08,1e-08,6.0698359636931025
Gaussian/PDE,BP,11387.629526462397,5.846635860256803e-08,1e-08,5.846635860256803
Gaussian/PDE,BP,11421.902506963788,5.6316432263458115e-08,1e-08,5.631643226345812
Gaussian/PDE,BP,11456.175487465182,5.4245562988240315e-08,1e-08,5.424556298824031
Gaussian/PDE,BP,11490.448467966575,5.2250843615875176e-08,1e-08,5.225084361587517
Gaussian/PDE,BP,11524.721448467966,5.032947385729428e-08,1e-08,5.032947385729428
Gaussian/PDE,BP,11558.99442896936,4.847875665255099e-08,1e-08,4.847875665255098
Gaussian/PDE,BP,11593.267409470753,4.669609382517356e-08,1e-08,4.669609382517356
Gaussian/PDE,BP,11627.540389972146,4.4978982926487036e-08,1e-08,4.497898292648704
Gaussian/PDE,BP,11661.813370473537,4.33250132510163e-08,1e-08,4.33250132510163
Gaussian/PDE,BP,11696.08635097493,4.173186336259702e-08,1e-08,4.173186336259702
Gaussian/PDE,BP,11730.359331476324,4.019729695649488e-08,1e-08,4.019729695649487
Gaussian/PDE,BP,11764.632311977717,3.871915967478302e-08,1e-08,3.871915967478302
Gaussian/PDE,BP,11798.905292479109,3.729537560781375e-08,1e-08,3.729537560781375
Gaussian/PDE,BP,11833.178272980502,3.592394762818694e-08,1e-08,3.592394762818694
Gaussian/PDE,BP,11867.451253481895,3.4602949193097845e-08,1e-08,3.4602949193097845
Gaussian/PDE,BP,11901.724233983286,3.33305262860008e-08,1e-08,3.3330526286000794
Gaussian/PDE,BP,11935.99721448468,3.210489294258586e-08,1e-08,3.210489294258586
Gaussian/PDE,BP,11970.270194986073,3.0924328800010964e-08,1e-08,3.0924328800010965
Gaussian/PDE,BP,12004.543175487466,2.9787176392738893e-08,1e-08,2.9787176392738894
Gaussian/PDE,BP,12038.816155988858,2.869183943534136e-08,1e-08,2.8691839435341358
Gaussian/PDE,BP,12073.08913649025,2.7636780095705932e-08,1e-08,2.7636780095705933
Gaussian/PDE,BP,12107.362116991644,2.6620517171339226e-08,1e-08,2.6620517171339224
Gaussian/PDE,BP,12141.635097493037,2.5641624293404644e-08,1e-08,2.5641624293404646
Gaussian/PDE,BP,12175.908077994429,2.4698727019088014e-08,1e-08,2.4698727019088014
Gaussian/PDE,BP,12210.181058495822,2.3790501914009514e-08,1e-08,2.3790501914009514
Gaussian/PDE,BP,12244.454038997215,2.2915674281149734e-08,1e-08,2.2915674281149734
Gaussian/PDE,BP,12278.727019498609,2.2073015635883764e-08,1e-08,2.207301563588376
Gaussian/PDE,BP,12313.0,2.1261343034077013e-08,1e-08,2.126134303407701
Gaussian/PDE,I-BP,9.0,0.20374717691367195,1e-08,20374717.691367194
Gaussian/PDE,I-BP,13.988857938718663,0.1081467423560705,1e-08,10814674.23560705
Gaussian/PDE,I-BP,18.977715877437326,0.06326954960008428,1e-08,6326954.960008428
Gaussian/PDE,I-BP,23.96657381615599,0.0563193370512466,1e-08,5631933.70512466
Gaussian/PDE,I-BP,28.955431754874652,0.0505143280697563,1e-08,5051432.80697563
Gaussian/PDE,I-BP,33.94428969359332,0.04584394113242499,1e-08,4584394.113242499
Gaussian/PDE,I-BP,38.93314763231198,0.04193013013674288,1e-08,4193013.0136742876
Gaussian/PDE,I-BP,43.92200557103064,0.038560014589705725,1e-08,3856001.4589705723
Gaussian/PDE,I-BP,48.910863509749305,0.0358264831931959,1e-08,3582648.31931959
Gaussian/PDE,I-BP,53.89972144846797,0.03338100651739666,1e-08,3338100.651739666
Gaussian/PDE,I-BP,58.88857938718663,0.031437212465238756,1e-08,3143721.2465238757
Gaussian/PDE,I-BP,63.87743732590529,0.02965273137019523,1e-08,2965273.137019523
Gaussian/PDE,I-BP,68.86629526462396,0.028145331346222963,1e-08,2814533.1346222963
Gaussian/PDE,I-BP,73.85515320334262,0.02632739887296125,1e-08,2632739.887296125
Gaussian/PDE,I-BP,78.84401114206128,0.02461289888268048,1e-08,2461289.888268048
Gaussian/PDE,I-BP,83.83286908077994,0.02306066279149873,1e-08,2306066.279149873
Gaussian/PDE,I-BP,88.82172701949861,0.021642479315857017,1e-08,2164247.9315857016
Gaussian/PDE,I-BP,93.81058495821728,0.02038343951148452,1e-08,2038343.951148452
Gaussian/PDE,I-BP,98.79944289693594,0.01921863932984371,1e-08,1921863.932984371
Gaussian/PDE,I-BP,103.7883008356546,0.018212650346279616,1e-08,1821265.0346279617
Gaussian/PDE,I-BP,108.77715877437326,0.017277175899929657,1e-08,1727717.5899929658
Gaussian/PDE,I-BP,113.76601671309193,0.01646287035192569,1e-08,1646287.035192569
Gaussian/PDE,I-BP,118.75487465181058,0.015701185785062886,1e-08,1570118.5785062886
Gaussian/PDE,I-BP,123.74373259052925,0.014999804564304083,1e-08,1499980.4564304082
Gaussian/PDE,I-BP,128.73259052924791,0.014349956829127536,1e-08,1434995.6829127537
Gaussian/PDE,I-BP,133.72144846796658,0.01374424164961461,1e-08,1374424.164961461
Gaussian/PDE,I-BP,138.71030640668525,0.01317940624751514,1e-08,1317940.624751514
Gaussian/PDE,I-BP,143.69916434540391,0.012642847081860807,1e-08,1264284.7081860807
Gaussian/PDE,I-BP,148.68802228412255,0.012133073349511638,1e-08,1213307.3349511637
Gaussian/PDE,I-BP,153.67688022284122,0.01164278141287068,1e-08,1164278.141287068
Gaussian/PDE,I-BP,158.6657381615599,0.011163886828111218,1e-08,1116388.6828111217
Gaussian/PDE,I-BP,163.65459610027855,0.010704223949463444,1e-08,1070422.3949463444
Gaussian/PDE,I-BP,168.64345403899722,0.010262586281670767,1e-08,1026258.6281670767
Gaussian/PDE,I-BP,173.6323119777159,0.009832741124896297,1e-08,983274.1124896297
Gaussian/PDE,I-BP,178.62116991643455,0.009415389155554432,1e-08,941538.9155554431
Gaussian/PDE,I-BP,183.61002785515322,0.009007803553125424,1e-08,900780.3553125424
Gaussian/PDE,I-BP,188.5988857938719,0.008614959464181044,1e-08,861495.9464181045
Gaussian/PDE,I-BP,193.58774373259052,0.008231050428853907,1e-08,823105.0428853907
Gaussian/PDE,I-BP,198.5766016713092,0.007861900951222814,1e-08,786190.0951222813
Gaussian/PDE,I-BP,203.56545961002786,0.007497154772398868,1e-08,749715.4772398868
Gaussian/PDE,I-BP,208.55431754874652,0.007141640265944384,1e-08,714164.0265944384
Gaussian/PDE,I-BP,213.5431754874652,0.006786824648867988,1e-08,678682.4648867989
Gaussian/PDE,I-BP,218.53203342618386,0.006443388589976467,1e-08,644338.8589976467
Gaussian/PDE,I-BP,223.52089136490252,0.006111580829629952,1e-08,611158.0829629952
Gaussian/PDE,I-BP,228.50974930362116,0.005798155658697162,1e-08,579815.5658697162
Gaussian/PDE,I-BP,233.49860724233983,0.005501322316711361,1e-08,550132.2316711361
Gaussian/PDE,I-BP,238.4874651810585,0.005241152309814066,1e-08,524115.2309814066
Gaussian/PDE,I-BP,243.47632311977716,0.00499521829438946,1e-08,499521.829438946
Gaussian/PDE,I-BP,248.46518105849583,0.0047575897240749515,1e-08,475758.97240749514
Gaussian/PDE,I-BP,253.4540389972145,0.004542976722527723,1e-08,454297.6722527723
Gaussian/PDE,I-BP,258.44289693593316,0.0043653517730953325,1e-08,436535.17730953323
Gaussian/PDE,I-BP,263.4317548746518,0.004237304600296033,1e-08,423730.46002960333
Gaussian/PDE,I-BP,268.4206128133705,0.004156982565848258,1e-08,415698.2565848258
Gaussian/PDE,I-BP,273.40947075208913,0.004097081365785369,1e-08,409708.1365785369
Gaussian/PDE,I-BP,278.39832869080783,0.004046700747787675,1e-08,404670.0747787675
Gaussian/PDE,I-BP,283.38718662952647,0.004003774392090262,1e-08,400377.43920902617
Gaussian/PDE,I-BP,288.3760445682451,0.003964538941516562,1e-08,396453.8941516562
Gaussian/PDE,I-BP,293.3649025069638,0.00395382149147763,1e-08,395382.149147763
Gaussian/PDE,I-BP,298.35376044568244,0.0038675103490071225,1e-08,386751.03490071226
Gaussian/PDE,I-BP,303.34261838440113,0.0035990381448158574,1e-08,359903.81448158575
Gaussian/PDE,I-BP,308.3314763231198,0.0033482774155848415,1e-08,334827.74155848415
Gaussian/PDE,I-BP,313.32033426183847,0.0031140075749475854,1e-08,311400.7574947585
Gaussian/PDE,I-BP,318.3091922005571,0.002973084733067452,1e-08,297308.47330674523
Gaussian/PDE,I-BP,323.2980501392758,0.0028765762315832973,1e-08,287657.62315832975
Gaussian/PDE,I-BP,328.28690807799444,0.0028118856463830743,1e-08,281188.56463830743
Gaussian/PDE,I-BP,333.2757660167131,0.0027559801808823927,1e-08,275598.01808823925
Gaussian/PDE,I-BP,338.2646239554318,0.0027470135244311317,1e-08,274701.35244311317
Gaussian/PDE,I-BP,343.2534818941504,0.0028140263227632418,1e-08,281402.63227632415
Gaussian/PDE,I-BP,348.2423398328691,0.0027965496111605577,1e-08,279654.9611160558
Gaussian/PDE,I-BP,353.23119777158774,0.0026856758481285776,1e-08,268567.58481285773
Gaussian/PDE,I-BP,358.22005571030644,0.0025531434474390284,1e-08,255314.34474390285
Gaussian/PDE,I-BP,363.2089136490251,0.0024388973743215726,1e-08,243889.73743215727
Gaussian/PDE,I-BP,368.1977715877438,0.0023360107791920914,1e-08,233601.07791920914
Gaussian/PDE,I-BP,373.1866295264624,0.0022349445807139556,1e-08,223494.45807139555
Gaussian/PDE,I-BP,378.17548746518105,0.002138495728742218,1e-08,213849.57287422178
Gaussian/PDE,I-BP,383.16434540389974,0.002064836825888426,1e-08,206483.68258884258
Gaussian/PDE,I-BP,388.1532033426184,0.001987861542876716,1e-08,198786.15428767158
Gaussian/PDE,I-BP,393.1420612813371,0.0018951311179641452,1e-08,189513.1117964145
Gaussian/PDE,I-BP,398.1309192200557,0.00181228155050435,1e-08,181228.155050435
Gaussian/PDE,I-BP,403.1197771587744,0.0017318140991145544,1e-08,173181.40991145544
Gaussian/PDE,I-BP,408.10863509749305,0.0016160134644325366,1e-08,161601.34644325366
Gaussian/PDE,I-BP,413.0974930362117,0.0015030422690270348,1e-08,150304.2269027035
Gaussian/PDE,I-BP,418.0863509749304,0.0014031892353291921,1e-08,140318.9235329192
Gaussian/PDE,I-BP,423.075208913649,0.0013113168916313255,1e-08,131131.68916313254
Gaussian/PDE,I-BP,428.0640668523677,0.0012419453515704218,1e-08,124194.53515704218
Gaussian/PDE,I-BP,433.05292479108635,0.0011706761685594768,1e-08,117067.61685594768
Gaussian/PDE,I-BP,438.04178272980505,0.0010840980811248257,1e-08,108409.80811248257
Gaussian/PDE,I-BP,443.0306406685237,0.001010891042500911,1e-08,101089.10425009111
Gaussian/PDE,I-BP,448.0194986072423,0.000952173917923676,1e-08,95217.3917923676
Gaussian/PDE,I-BP,453.008356545961,0.0009053808185574377,1e-08,90538.08185574376
Gaussian/PDE,I-BP,457.99721448467966,0.0008662584596368955,1e-08,86625.84596368954
Gaussian/PDE,I-BP,462.98607242339835,0.0008103517090618973,1e-08,81035.17090618973
Gaussian/PDE,I-BP,467.974930362117,0.0007537662512485539,1e-08,75376.62512485539
Gaussian/PDE,I-BP,472.9637883008357,0.0007215871246681329,1e-08,72158.71246681329
Gaussian/PDE,I-BP,477.9526462395543,0.0006929269222426463,1e-08,69292.69222426463
Gaussian/PDE,I-BP,482.941504178273,0.0006737892402516345,1e-08,67378.92402516345
Gaussian/PDE,I-BP,487.93036211699166,0.0006559692413404505,1e-08,65596.92413404505
Gaussian/PDE,I-BP,492.9192200557103,0.0006398396681310239,1e-08,63983.966813102394
Gaussian/PDE,I-BP,497.908077994429,0.0006238211602222569,1e-08,62382.11602222569
Gaussian/PDE,I-BP,502.89693593314763,0.0006080045606052597,1e-08,60800.45606052597
Gaussian/PDE,I-BP,507.8857938718663,0.0005915916419850257,1e-08,59159.16419850257
Gaussian/PDE,I-BP,512.874651810585,0.0005753466104138147,1e-08,57534.66104138146
Gaussian/PDE,I-BP,517.8635097493036,0.000558050763311379,1e-08,55805.0763311379
Gaussian/PDE,I-BP,522.8523676880224,0.0005410450967501043,1e-08,54104.509675010435
Gaussian/PDE,I-BP,527.841225626741,0.0005236533768943807,1e-08,52365.33768943807
Gaussian/PDE,I-BP,532.8300835654596,0.0005063946466054565,1e-08,50639.46466054565
Gaussian/PDE,I-BP,537.8189415041783,0.0004889943928593673,1e-08,48899.43928593673
Gaussian/PDE,I-BP,542.8077994428969,0.000471626099208466,1e-08,47162.6099208466
Gaussian/PDE,I-BP,547.7966573816157,0.0004544511579273746,1e-08,45445.11579273746
Gaussian/PDE,I-BP,552.7855153203343,0.0004369046349342849,1e-08,43690.46349342849
Gaussian/PDE,I-BP,557.7743732590529,0.0004197313466830707,1e-08,41973.13466830707
Gaussian/PDE,I-BP,562.7632311977716,0.0004021937118124665,1e-08,40219.37118124665
Gaussian/PDE,I-BP,567.7520891364902,0.00038520005107107693,1e-08,38520.00510710769
Gaussian/PDE,I-BP,572.740947075209,0.0003681608930029146,1e-08,36816.08930029146
Gaussian/PDE,I-BP,577.7298050139276,0.00035154349648882467,1e-08,35154.34964888247
Gaussian/PDE,I-BP,582.7186629526462,0.00033507975979454397,1e-08,33507.97597945439
Gaussian/PDE,I-BP,587.7075208913649,0.00031904841216360945,1e-08,31904.841216360943
Gaussian/PDE,I-BP,592.6963788300836,0.00030351262966372484,1e-08,30351.262966372484
Gaussian/PDE,I-BP,597.6852367688023,0.0002882719501990415,1e-08,28827.19501990415
Gaussian/PDE,I-BP,602.6740947075209,0.0002789111646492487,1e-08,27891.116464924868
Gaussian/PDE,I-BP,607.6629526462395,0.0002714720937862078,1e-08,27147.209378620777
Gaussian/PDE,I-BP,612.6518105849582,0.0002642880450121873,1e-08,26428.80450121873
Gaussian/PDE,I-BP,617.6406685236769,0.0002575448341892329,1e-08,25754.48341892329
Gaussian/PDE,I-BP,622.6295264623956,0.0002497967106125038,1e-08,24979.671061250378
Gaussian/PDE,I-BP,627.6183844011142,0.00023994519271533935,1e-08,23994.519271533936
Gaussian/PDE,I-BP,632.6072423398329,0.000232164920312304,1e-08,23216.4920312304
Gaussian/PDE,I-BP,637.5961002785516,0.00022613457028068345,1e-08,22613.457028068344
Gaussian/PDE,I-BP,642.5849582172702,0.00021959295840744418,1e-08,21959.295840744417
Gaussian/PDE,I-BP,647.5738161559889,0.00021298713050445304,1e-08,21298.713050445305
Gaussian/PDE,I-BP,652.5626740947075,0.0002060298542685165,1e-08,20602.98542685165
Gaussian/PDE,I-BP,657.5515320334262,0.0001990325317230555,1e-08,19903.25317230555
Gaussian/PDE,I-BP,662.5403899721449,0.00019058942218033406,1e-08,19058.942218033404
Gaussian/PDE,I-BP,667.5292479108635,0.00018297508248122334,1e-08,18297.508248122333
Gaussian/PDE,I-BP,672.5181058495822,0.00017669136808079957,1e-08,17669.13680807996
Gaussian/PDE,I-BP,677.5069637883008,0.0001705581476633967,1e-08,17055.81476633967
Gaussian/PDE,I-BP,682.4958217270196,0.00016457544045782012,1e-08,16457.54404578201
Gaussian/PDE,I-BP,687.4846796657382,0.0001589424940390904,1e-08,15894.24940390904
Gaussian/PDE,I-BP,692.4735376044569,0.0001535607072631049,1e-08,15356.070726310489
Gaussian/PDE,I-BP,697.4623955431755,0.00014838289304060494,1e-08,14838.289304060494
Gaussian/PDE,I-BP,702.4512534818941,0.0001433681594787016,1e-08,14336.815947870158
Gaussian/PDE,I-BP,707.4401114206129,0.0001383870936722977,1e-08,13838.709367229769
Gaussian/PDE,I-BP,712.4289693593315,0.00013351040883547918,1e-08,13351.040883547917
Gaussian/PDE,I-BP,717.4178272980502,0.00012864066259724897,1e-08,12864.066259724897
Gaussian/PDE,I-BP,722.4066852367688,0.00012409846697979926,1e-08,12409.846697979925
Gaussian/PDE,I-BP,727.3955431754875,0.00011987202781621703,1e-08,11987.202781621703
Gaussian/PDE,I-BP,732.3844011142062,0.00011573943870870567,1e-08,11573.943870870567
Gaussian/PDE,I-BP,737.3732590529248,0.00011172640006425381,1e-08,11172.640006425381
Gaussian/PDE,I-BP,742.3621169916435,0.00010781646432593034,1e-08,10781.646432593034
Gaussian/PDE,I-BP,747.3509749303621,0.00010402702978154156,1e-08,10402.702978154155
Gaussian/PDE,I-BP,752.3398328690809,0.00010022639700261124,1e-08,10022.639700261125
Gaussian/PDE,I-BP,757.3286908077995,9.651697102691593e-05,1e-08,9651.697102691593
Gaussian/PDE,I-BP,762.3175487465181,9.281854683142621e-05,1e-08,9281.854683142621
Gaussian/PDE,I-BP,767.3064066852368,8.928497936165564e-05,1e-08,8928.497936165564
Gaussian/PDE,I-BP,772.2952646239554,8.591182585169513e-05,1e-08,8591.182585169514
Gaussian/PDE,I-BP,777.2841225626742,8.270752478205065e-05,1e-08,8270.752478205066
Gaussian/PDE,I-BP,782.2729805013928,7.964344070212346e-05,1e-08,7964.344070212345
Gaussian/PDE,I-BP,787.2618384401114,7.675056277576613e-05,1e-08,7675.056277576613
Gaussian/PDE,I-BP,792.2506963788301,7.397119039521518e-05,1e-08,7397.119039521518
Gaussian/PDE,I-BP,797.2395543175488,7.127316049156612e-05,1e-08,7127.316049156611
Gaussian/PDE,I-BP,802.2284122562675,6.867023111549949e-05,1e-08,6867.023111549949
Gaussian/PDE,I-BP,807.2172701949861,6.615260741369803e-05,1e-08,6615.260741369803
Gaussian/PDE,I-BP,812.2061281337047,6.372992426118142e-05,1e-08,6372.992426118142
Gaussian/PDE,I-BP,817.1949860724234,6.139917207553557e-05,1e-08,6139.917207553557
Gaussian/PDE,I-BP,822.1838440111421,5.9124742265686854e-05,1e-08,5912.4742265686855
Gaussian/PDE,I-BP,827.1727019498608,5.691878343750187e-05,1e-08,5691.878343750187
Gaussian/PDE,I-BP,832.1615598885794,5.477595655792105e-05,1e-08,5477.595655792105
Gaussian/PDE,I-BP,837.150417827298,5.2712745187157335e-05,1e-08,5271.274518715733
Gaussian/PDE,I-BP,842.1392757660168,5.080815386461299e-05,1e-08,5080.815386461299
Gaussian/PDE,I-BP,847.1281337047354,4.897226011205166e-05,1e-08,4897.226011205166
Gaussian/PDE,I-BP,852.1169916434541,4.7202314366839004e-05,1e-08,4720.2314366839
Gaussian/PDE,I-BP,857.1058495821727,4.5489816998998766e-05,1e-08,4548.981699899877
Gaussian/PDE,I-BP,862.0947075208913,4.38308471930736e-05,1e-08,4383.08471930736
Gaussian/PDE,I-BP,867.0835654596101,4.226818999492088e-05,1e-08,4226.818999492088
Gaussian/PDE,I-BP,872.0724233983287,4.078259787072715e-05,1e-08,4078.259787072715
Gaussian/PDE,I-BP,877.0612813370474,3.9406476318744696e-05,1e-08,3940.6476318744694
Gaussian/PDE,I-BP,882.050139275766,3.808961956179417e-05,1e-08,3808.961956179417
Gaussian/PDE,I-BP,887.0389972144847,3.6834227323212595e-05,1e-08,3683.4227323212594
Gaussian/PDE,I-BP,892.0278551532034,3.564664339213799e-05,1e-08,3564.664339213799
Gaussian/PDE,I-BP,897.016713091922,3.459610199483527e-05,1e-08,3459.610199483527
Gaussian/PDE,I-BP,902.0055710306407,3.351010731208204e-05,1e-08,3351.010731208204
Gaussian/PDE,I-BP,906.9944289693593,3.236274867815396e-05,1e-08,3236.2748678153957
Gaussian/PDE,I-BP,911.9832869080781,3.151715730471528e-05,1e-08,3151.715730471528
Gaussian/PDE,I-BP,916.9721448467967,3.086671392057927e-05,1e-08,3086.671392057927
Gaussian/PDE,I-BP,921.9610027855153,2.9795283585491175e-05,1e-08,2979.5283585491175
Gaussian/PDE,I-BP,926.949860724234,2.8653218568776696e-05,1e-08,2865.3218568776697
Gaussian/PDE,I-BP,931.9387186629526,2.8112135604120646e-05,1e-08,2811.2135604120645
Gaussian/PDE,I-BP,936.9275766016714,2.7476512439917376e-05,1e-08,2747.6512439917374
Gaussian/PDE,I-BP,941.91643454039,2.6388028018813634e-05,1e-08,2638.8028018813634
Gaussian/PDE,I-BP,946.9052924791087,2.5500244552215612e-05,1e-08,2550.0244552215613
Gaussian/PDE,I-BP,951.8941504178273,2.4890789547379754e-05,1e-08,2489.0789547379754
Gaussian/PDE,I-BP,956.883008356546,2.398733012720995e-05,1e-08,2398.7330127209952
Gaussian/PDE,I-BP,961.8718662952647,2.2901843557819666e-05,1e-08,2290.1843557819666
Gaussian/PDE,I-BP,966.8607242339833,2.2191721054140497e-05,1e-08,2219.1721054140494
Gaussian/PDE,I-BP,971.849582172702,2.1596879699776465e-05,1e-08,2159.6879699776464
Gaussian/PDE,I-BP,976.8384401114206,2.0553560261124743e-05,1e-08,2055.3560261124744
Gaussian/PDE,I-BP,981.8272980501393,1.962383975919931e-05,1e-08,1962.383975919931
Gaussian/PDE,I-BP,986.816155988858,1.9109322205660613e-05,1e-08,1910.9322205660612
Gaussian/PDE,I-BP,991.8050139275766,1.842793759347116e-05,1e-08,1842.7937593471158
Gaussian/PDE,I-BP,996.7938718662953,1.746816182212058e-05,1e-08,1746.816182212058
Gaussian/PDE,I-BP,1001.782729805014,1.6642047147058892e-05,1e-08,1664.204714705889
Gaussian/PDE,I-BP,1006.7715877437327,1.5918486256281936e-05,1e-08,1591.8486256281935
Gaussian/PDE,I-BP,1011.7604456824513,1.507978244304739e-05,1e-08,1507.9782443047388
Gaussian/PDE,I-BP,1016.7493036211699,1.4240191402627408e-05,1e-08,1424.0191402627408
Gaussian/PDE,I-BP,1021.7381615598886,1.3645287578953109e-05,1e-08,1364.528757895311
Gaussian/PDE,I-BP,1026.7270194986072,1.304306745136907e-05,1e-08,1304.306745136907
Gaussian/PDE,I-BP,1031.715877437326,1.2233116390332328e-05,1e-08,1223.3116390332327
Gaussian/PDE,I-BP,1036.7047353760447,1.1479616498756626e-05,1e-08,1147.9616498756625
Gaussian/PDE,I-BP,1041.6935933147633,1.0783663693489842e-05,1e-08,1078.366369348984
Gaussian/PDE,I-BP,1046.682451253482,1.0183508321893872e-05,1e-08,1018.3508321893872
Gaussian/PDE,I-BP,1051.6713091922006,9.660493555592936e-06,1e-08,966.0493555592936
Gaussian/PDE,I-BP,1056.6601671309193,9.111273547850893e-06,1e-08,911.1273547850893
Gaussian/PDE,I-BP,1061.649025069638,8.575180915411277e-06,1e-08,857.5180915411277
Gaussian/PDE,I-BP,1066.6378830083565,8.119387205750649e-06,1e-08,811.9387205750648
Gaussian/PDE,I-BP,1071.6267409470752,7.686597215590792e-06,1e-08,768.6597215590792
Gaussian/PDE,I-BP,1076.6155988857938,7.245800977941443e-06,1e-08,724.5800977941443
Gaussian/PDE,I-BP,1081.6044568245127,6.839996800563261e-06,1e-08,683.999680056326
Gaussian/PDE,I-BP,1086.5933147632313,6.476305787457931e-06,1e-08,647.6305787457931
Gaussian/PDE,I-BP,1091.58217270195,6.130064939657142e-06,1e-08,613.0064939657142
Gaussian/PDE,I-BP,1096.5710306406686,5.800670185821915e-06,1e-08,580.0670185821915
Gaussian/PDE,I-BP,1101.5598885793872,5.489869744261041e-06,1e-08,548.9869744261041
Gaussian/PDE,I-BP,1106.5487465181059,5.196061884995783e-06,1e-08,519.6061884995784
Gaussian/PDE,I-BP,1111.5376044568245,4.924146140884889e-06,1e-08,492.41461408848886
Gaussian/PDE,I-BP,1116.5264623955431,4.667297441310457e-06,1e-08,466.72974413104566
Gaussian/PDE,I-BP,1121.5153203342618,4.425901009964637e-06,1e-08,442.59010099646366
Gaussian/PDE,I-BP,1126.5041782729804,4.278615534220773e-06,1e-08,427.8615534220773
Gaussian/PDE,I-BP,1131.4930362116993,4.125812337244296e-06,1e-08,412.5812337244296
Gaussian/PDE,I-BP,1136.481894150418,3.978033391384086e-06,1e-08,397.80333913840855
Gaussian/PDE,I-BP,1141.4707520891366,3.835126102334074e-06,1e-08,383.5126102334074
Gaussian/PDE,I-BP,1146.4596100278552,3.6683280559368162e-06,1e-08,366.8328055936816
Gaussian/PDE,I-BP,1151.4484679665738,3.4965822714673672e-06,1e-08,349.6582271467367
Gaussian/PDE,I-BP,1156.4373259052925,3.387765703157593e-06,1e-08,338.7765703157593
Gaussian/PDE,I-BP,1161.4261838440111,3.201161482986961e-06,1e-08,320.1161482986961
Gaussian/PDE,I-BP,1166.4150417827298,2.9827442720875992e-06,1e-08,298.2744272087599
Gaussian/PDE,I-BP,1171.4038997214484,2.7846666848365446e-06,1e-08,278.4666684836545
Gaussian/PDE,I-BP,1176.3927576601673,2.612749597977254e-06,1e-08,261.2749597977254
Gaussian/PDE,I-BP,1181.381615598886,2.4556467883330836e-06,1e-08,245.56467883330836
Gaussian/PDE,I-BP,1186.3704735376045,2.312320287423529e-06,1e-08,231.2320287423529
Gaussian/PDE,I-BP,1191.3593314763232,2.179230921192739e-06,1e-08,217.9230921192739
Gaussian/PDE,I-BP,1196.3481894150418,2.0546579468043295e-06,1e-08,205.46579468043294
Gaussian/PDE,I-BP,1201.3370473537605,1.949434216077048e-06,1e-08,194.9434216077048
Gaussian/PDE,I-BP,1206.325905292479,1.8521338110434445e-06,1e-08,185.21338110434445
Gaussian/PDE,I-BP,1211.3147632311977,1.7703902208688793e-06,1e-08,177.03902208688794
Gaussian/PDE,I-BP,1216.3036211699164,1.697564334800627e-06,1e-08,169.7564334800627
Gaussian/PDE,I-BP,1221.2924791086352,1.6422141468686899e-06,1e-08,164.221414686869
Gaussian/PDE,I-BP,1226.2813370473539,1.5883313085594095e-06,1e-08,158.83313085594094
Gaussian/PDE,I-BP,1231.2701949860725,1.5358292465639103e-06,1e-08,153.58292465639101
Gaussian/PDE,I-BP,1236.2590529247911,1.4859226457977504e-06,1e-08,148.59226457977505
Gaussian/PDE,I-BP,1241.2479108635098,1.4380795858390852e-06,1e-08,143.80795858390852
Gaussian/PDE,I-BP,1246.2367688022284,1.4035804235153086e-06,1e-08,140.35804235153086
Gaussian/PDE,I-BP,1251.225626740947,1.371515949753667e-06,1e-08,137.1515949753667
Gaussian/PDE,I-BP,1256.2144846796657,1.3309724859084052e-06,1e-08,133.0972485908405
Gaussian/PDE,I-BP,1261.2033426183843,1.2884172741648186e-06,1e-08,128.84172741648186
Gaussian/PDE,I-BP,1266.1922005571032,1.237496922868548e-06,1e-08,123.74969228685481
Gaussian/PDE,I-BP,1271.1810584958218,1.1844621197356316e-06,1e-08,118.44621197356315
Gaussian/PDE,I-BP,1276.1699164345405,1.1317753525474824e-06,1e-08,113.17753525474824
Gaussian/PDE,I-BP,1281.1587743732591,1.0859518923263028e-06,1e-08,108.59518923263028
Gaussian/PDE,I-BP,1286.1476323119778,1.0445045700042186e-06,1e-08,104.45045700042186
Gaussian/PDE,I-BP,1291.1364902506964,9.958143703052602e-07,1e-08,99.58143703052602
Gaussian/PDE,I-BP,1296.125348189415,9.477716323631571e-07,1e-08,94.7771632363157
Gaussian/PDE,I-BP,1301.1142061281337,9.058291682838538e-07,1e-08,90.58291682838538
Gaussian/PDE,I-BP,1306.1030640668523,8.634687510271818e-07,1e-08,86.34687510271819
Gaussian/PDE,I-BP,1311.0919220055712,8.154982587787516e-07,1e-08,81.54982587787516
Gaussian/PDE,I-BP,1316.0807799442898,7.664932355044017e-07,1e-08,76.64932355044017
Gaussian/PDE,I-BP,1321.0696378830085,7.156012312241614e-07,1e-08,71.56012312241614
Gaussian/PDE,I-BP,1326.058495821727,6.673422152758401e-07,1e-08,66.73422152758401
Gaussian/PDE,I-BP,1331.0473537604457,6.218990086780567e-07,1e-08,62.18990086780567
Gaussian/PDE,I-BP,1336.0362116991644,5.685940686725736e-07,1e-08,56.85940686725736
Gaussian/PDE,I-BP,1341.025069637883,5.175775082612066e-07,1e-08,51.75775082612066
Gaussian/PDE,I-BP,1346.0139275766016,4.813370776834084e-07,1e-08,48.13370776834084
Gaussian/PDE,I-BP,1351.0027855153203,4.5450312907241435e-07,1e-08,45.45031290724143
Gaussian/PDE,I-BP,1355.9916434540391,4.3293430426430715e-07,1e-08,43.29343042643072
Gaussian/PDE,I-BP,1360.9805013927578,4.131828497870172e-07,1e-08,41.31828497870172
Gaussian/PDE,I-BP,1365.9693593314764,3.954860602671064e-07,1e-08,39.54860602671064
Gaussian/PDE,I-BP,1370.958217270195,3.7987569334960536e-07,1e-08,37.98756933496053
Gaussian/PDE,I-BP,1375.9470752089137,3.6575999562078044e-07,1e-08,36.575999562078046
Gaussian/PDE,I-BP,1380.9359331476323,3.535525373917145e-07,1e-08,35.355253739171445
Gaussian/PDE,I-BP,1385.924791086351,3.421112126097633e-07,1e-08,34.21112126097633
Gaussian/PDE,I-BP,1390.9136490250696,3.307131138105749e-07,1e-08,33.07131138105749
Gaussian/PDE,I-BP,1395.9025069637883,3.1985187392278963e-07,1e-08,31.985187392278963
Gaussian/PDE,I-BP,1400.8913649025071,3.1005750269315703e-07,1e-08,31.0057502693157
Gaussian/PDE,I-BP,1405.8802228412258,3.005439204537806e-07,1e-08,30.05439204537806
Gaussian/PDE,I-BP,1410.8690807799444,2.912915906517302e-07,1e-08,29.129159065173017
Gaussian/PDE,I-BP,1415.857938718663,2.8309206056011905e-07,1e-08,28.309206056011906
Gaussian/PDE,I-BP,1420.8467966573817,2.7568114553152436e-07,1e-08,27.568114553152434
Gaussian/PDE,I-BP,1425.8356545961003,2.6813783161747896e-07,1e-08,26.813783161747896
Gaussian/PDE,I-BP,1430.824512534819,2.607055471101129e-07,1e-08,26.07055471101129
Gaussian/PDE,I-BP,1435.8133704735376,2.532314555364354e-07,1e-08,25.323145553643542
Gaussian/PDE,I-BP,1440.8022284122562,2.459958376285537e-07,1e-08,24.59958376285537
Gaussian/PDE,I-BP,1445.791086350975,2.391341927718113e-07,1e-08,23.91341927718113
Gaussian/PDE,I-BP,1450.7799442896937,2.3243649547564182e-07,1e-08,23.243649547564182
Gaussian/PDE,I-BP,1455.7688022284124,2.2587830065137398e-07,1e-08,22.587830065137396
Gaussian/PDE,I-BP,1460.757660167131,2.2042892785087672e-07,1e-08,22.042892785087673
Gaussian/PDE,I-BP,1465.7465181058496,2.1584319075458267e-07,1e-08,21.584319075458268
Gaussian/PDE,I-BP,1470.7353760445683,2.1023262221205296e-07,1e-08,21.023262221205297
Gaussian/PDE,I-BP,1475.724233983287,2.0440304550845152e-07,1e-08,20.440304550845152
Gaussian/PDE,I-BP,1480.7130919220056,1.9946489333121498e-07,1e-08,19.946489333121498
Gaussian/PDE,I-BP,1485.7019498607242,1.9468403202620996e-07,1e-08,19.468403202620994
Gaussian/PDE,I-BP,1490.6908077994428,1.8999535930445435e-07,1e-08,18.999535930445436
Gaussian/PDE,I-BP,1495.6796657381617,1.8526285380930708e-07,1e-08,18.52628538093071
Gaussian/PDE,I-BP,1500.6685236768803,1.8034747277248657e-07,1e-08,18.034747277248655
Gaussian/PDE,I-BP,1505.657381615599,1.7583259975242613e-07,1e-08,17.583259975242612
Gaussian/PDE,I-BP,1510.6462395543176,1.7166212349808448e-07,1e-08,17.166212349808447
Gaussian/PDE,I-BP,1515.6350974930363,1.676264617592476e-07,1e-08,16.762646175924758
Gaussian/PDE,I-BP,1520.623955431755,1.636987320075848e-07,1e-08,16.36987320075848
Gaussian/PDE,I-BP,1525.6128133704735,1.605588969575108e-07,1e-08,16.055889695751077
Gaussian/PDE,I-BP,1530.6016713091922,1.5768236770722998e-07,1e-08,15.768236770722998
Gaussian/PDE,I-BP,1535.5905292479108,1.5495393362152887e-07,1e-08,15.495393362152887
Gaussian/PDE,I-BP,1540.5793871866297,1.449827389352916e-07,1e-08,14.498273893529161
Gaussian/PDE,I-BP,1545.5682451253483,1.350467711011138e-07,1e-08,13.50467711011138
Gaussian/PDE,I-BP,1550.557103064067,1.250606845217069e-07,1e-08,12.50606845217069
Gaussian/PDE,I-BP,1555.5459610027856,1.1517286582248464e-07,1e-08,11.517286582248465
Gaussian/PDE,I-BP,1560.5348189415042,1.0635516066500186e-07,1e-08,10.635516066500186
Gaussian/PDE,I-BP,1565.5236768802229,9.832228219809094e-08,1e-08,9.832228219809094
Gaussian/PDE,I-BP,1570.5125348189415,9.131428294648807e-08,1e-08,9.131428294648806
Gaussian/PDE,I-BP,1575.5013927576601,8.485796851606224e-08,1e-08,8.485796851606224
Gaussian/PDE,I-BP,1580.4902506963788,7.895041088661983e-08,1e-08,7.8950410886619835
Gaussian/PDE,I-BP,1585.4791086350976,7.355005886661952e-08,1e-08,7.355005886661951
Gaussian/PDE,I-BP,1590.4679665738163,6.873164856318791e-08,1e-08,6.873164856318791
Gaussian/PDE,I-BP,1595.456824512535,6.437256712810696e-08,1e-08,6.437256712810696
Gaussian/PDE,I-BP,1600.4456824512536,6.042893393886282e-08,1e-08,6.042893393886282
Gaussian/PDE,I-BP,1605.4345403899722,5.670806920214527e-08,1e-08,5.6708069202145275
Gaussian/PDE,I-BP,1610.4233983286908,5.3208319319771125e-08,1e-08,5.3208319319771125
Gaussian/PDE,I-BP,1615.4122562674095,5.007779778555556e-08,1e-08,5.007779778555556
Gaussian/PDE,I-BP,1620.401114206128,4.713391726068106e-08,1e-08,4.713391726068106
Gaussian/PDE,I-BP,1625.3899721448468,4.4186671744474034e-08,1e-08,4.418667174447403
Gaussian/PDE,I-BP,1630.3788300835656,4.1377521491419e-08,1e-08,4.1377521491419
Gaussian/PDE,I-BP,1635.3676880222843,3.8633935871779805e-08,1e-08,3.8633935871779803
Gaussian/PDE,I-BP,1640.356545961003,3.606884759128419e-08,1e-08,3.606884759128419
Gaussian/PDE,I-BP,1645.3454038997215,3.367050201385358e-08,1e-08,3.3670502013853576
Gaussian/PDE,I-BP,1650.3342618384402,3.204328640181954e-08,1e-08,3.204328640181954
Gaussian/PDE,I-BP,1655.3231197771588,3.0995927198856147e-08,1e-08,3.0995927198856146
Gaussian/PDE,I-BP,1660.3119777158774,2.988702942953218e-08,1e-08,2.988702942953218
Gaussian/PDE,I-BP,1665.300835654596,2.8799916107182927e-08,1e-08,2.879991610718293
Gaussian/PDE,I-BP,1670.2896935933147,2.7701074550010966e-08,1e-08,2.7701074550010967
Gaussian/PDE,I-BP,1675.2785515320336,2.6668803083107963e-08,1e-08,2.6668803083107964
Gaussian/PDE,I-BP,1680.2674094707522,2.5743975565738345e-08,1e-08,2.5743975565738344
Gaussian/PDE,I-BP,1685.2562674094709,2.4881822909248573e-08,1e-08,2.488182290924857
Gaussian/PDE,I-BP,1690.2451253481895,2.4084415009358816e-08,1e-08,2.4084415009358815
Gaussian/PDE,I-BP,1695.2339832869081,2.3325104359302875e-08,1e-08,2.3325104359302875
Gaussian/PDE,I-BP,1700.2228412256268,2.2596326482459148e-08,1e-08,2.2596326482459146
Gaussian/PDE,I-BP,1705.2116991643454,2.172278362409435e-08,1e-08,2.172278362409435
Gaussian/PDE,I-BP,1710.200557103064,2.085365327494319e-08,1e-08,2.085365327494319
Gaussian/PDE,I-BP,1715.1894150417827,2.0024493071232866e-08,1e-08,2.0024493071232867
Gaussian/PDE,I-BP,1720.1782729805016,1.9239650788157537e-08,1e-08,1.9239650788157536
Gaussian/PDE,I-BP,1725.1671309192202,1.852088074791031e-08,1e-08,1.8520880747910309
Gaussian/PDE,I-BP,1730.1559888579388,1.781947996655556e-08,1e-08,1.7819479966555558
Gaussian/PDE,I-BP,1735.1448467966575,1.7132660686554085e-08,1e-08,1.7132660686554084
Gaussian/PDE,I-BP,1740.133704735376,1.6456591770694326e-08,1e-08,1.6456591770694327
Gaussian/PDE,I-BP,1745.1225626740948,1.579826783619148e-08,1e-08,1.579826783619148
Gaussian/PDE,I-BP,1750.1114206128134,1.5148519052227328e-08,1e-08,1.5148519052227327
Gaussian/PDE,I-BP,1755.100278551532,1.45214935416562e-08,1e-08,1.45214935416562
Gaussian/PDE,I-BP,1760.0891364902507,1.3903250317928036e-08,1e-08,1.3903250317928035
Gaussian/PDE,I-BP,1765.0779944289693,1.330752784648823e-08,1e-08,1.330752784648823
Gaussian/PDE,I-BP,1770.0668523676882,1.272414216621099e-08,1e-08,1.272414216621099
Gaussian/PDE,I-BP,1775.0557103064068,1.2158491108750477e-08,1e-08,1.2158491108750478
Gaussian/PDE,I-BP,1780.0445682451254,1.1607304949249449e-08,1e-08,1.1607304949249448
Gaussian/PDE,I-BP,1785.033426183844,1.107158754883883e-08,1e-08,1.107158754883883
Gaussian/PDE,I-BP,1790.0222841225627,1.055474685990291e-08,1e-08,1.055474685990291
Gaussian/PDE,I-BP,1795.0111420612814,1.004683578422691e-08,1e-08,1.0046835784226908
Gaussian/PDE,I-BP,1800.0,9.55984339883704e-09,1e-08,0.9559843398837039
Non-Gaussian Ising,BP,9.0,3.743277577721018e-06,1e-10,37432.775777210176
Non-Gaussian Ising,BP,42.91643454038997,3.357680360380912e-06,1e-10,33576.803603809116
Non-Gaussian Ising,BP,76.83286908077994,3.235111002906318e-06,1e-10,32351.11002906318
Non-Gaussian Ising,BP,110.74930362116991,3.1378160914051095e-06,1e-10,31378.160914051092
Non-Gaussian Ising,BP,144.6657381615599,3.049475515283315e-06,1e-10,30494.75515283315
Non-Gaussian Ising,BP,178.58217270194984,2.9670652426995648e-06,1e-10,29670.652426995646
Non-Gaussian Ising,BP,212.49860724233983,2.888753315209502e-06,1e-10,28887.53315209502
Non-Gaussian Ising,BP,246.41504178272982,2.8134976319886647e-06,1e-10,28134.976319886646
Non-Gaussian Ising,BP,280.3314763231198,2.7407281854307183e-06,1e-10,27407.28185430718
Non-Gaussian Ising,BP,314.24791086350973,2.670590893702794e-06,1e-10,26705.90893702794
Non-Gaussian Ising,BP,348.1643454038997,2.6024978061358217e-06,1e-10,26024.978061358215
Non-Gaussian Ising,BP,382.0807799442897,2.5361391995404927e-06,1e-10,25361.391995404927
Non-Gaussian Ising,BP,415.99721448467966,2.4714693086679554e-06,1e-10,24714.693086679552
Non-Gaussian Ising,BP,449.9136490250696,2.408439233233299e-06,1e-10,24084.39233233299
Non-Gaussian Ising,BP,483.83008356545963,2.3469933858210546e-06,1e-10,23469.933858210545
Non-Gaussian Ising,BP,517.7465181058496,2.287082780000585e-06,1e-10,22870.827800005853
Non-Gaussian Ising,BP,551.6629526462395,2.228654322386103e-06,1e-10,22286.54322386103
Non-Gaussian Ising,BP,585.5793871866296,2.1716616226562826e-06,1e-10,21716.616226562826
Non-Gaussian Ising,BP,619.4958217270195,2.1160636804232174e-06,1e-10,21160.636804232174
Non-Gaussian Ising,BP,653.4122562674095,2.061825602541144e-06,1e-10,20618.25602541144
Non-Gaussian Ising,BP,687.3286908077994,2.0090329907292206e-06,1e-10,20090.329907292205
Non-Gaussian Ising,BP,721.2451253481894,1.9575055128821645e-06,1e-10,19575.055128821645
Non-Gaussian Ising,BP,755.1615598885794,1.9072082792584327e-06,1e-10,19072.082792584326
Non-Gaussian Ising,BP,789.0779944289693,1.858111895979896e-06,1e-10,18581.11895979896
Non-Gaussian Ising,BP,822.9944289693593,1.8101839583276746e-06,1e-10,18101.839583276746
Non-Gaussian Ising,BP,856.9108635097493,1.7633988223845274e-06,1e-10,17633.988223845274
Non-Gaussian Ising,BP,890.8272980501392,1.7177264326398453e-06,1e-10,17177.264326398454
Non-Gaussian Ising,BP,924.7437325905292,1.6731448156713883e-06,1e-10,16731.448156713883
Non-Gaussian Ising,BP,958.6601671309193,1.629626858683138e-06,1e-10,16296.26858683138
Non-Gaussian Ising,BP,992.5766016713092,1.5871489583703935e-06,1e-10,15871.489583703935
Non-Gaussian Ising,BP,1026.4930362116993,1.5456870777673326e-06,1e-10,15456.870777673324
Non-Gaussian Ising,BP,1060.4094707520892,1.5052198977522822e-06,1e-10,15052.198977522821
Non-Gaussian Ising,BP,1094.325905292479,1.4657261938443532e-06,1e-10,14657.261938443531
Non-Gaussian Ising,BP,1128.242339832869,1.4271838237662558e-06,1e-10,14271.838237662558
Non-Gaussian Ising,BP,1162.1587743732591,1.3895721628024962e-06,1e-10,13895.721628024961
Non-Gaussian Ising,BP,1196.075208913649,1.3528707558899653e-06,1e-10,13528.707558899652
Non-Gaussian Ising,BP,1229.991643454039,1.317061790741316e-06,1e-10,13170.61790741316
Non-Gaussian Ising,BP,1263.908077994429,1.2821252467386253e-06,1e-10,12821.252467386252
Non-Gaussian Ising,BP,1297.824512534819,1.2480424259543669e-06,1e-10,12480.424259543668
Non-Gaussian Ising,BP,1331.7409470752089,1.2147942232418672e-06,1e-10,12147.94223241867
Non-Gaussian Ising,BP,1365.6573816155988,1.1823641726819987e-06,1e-10,11823.641726819986
Non-Gaussian Ising,BP,1399.5738161559889,1.150733884793118e-06,1e-10,11507.33884793118
Non-Gaussian Ising,BP,1433.4902506963788,1.1198867798856427e-06,1e-10,11198.867798856427
Non-Gaussian Ising,BP,1467.4066852367687,1.0898049207232192e-06,1e-10,10898.04920723219
Non-Gaussian Ising,BP,1501.3231197771588,1.060472887119685e-06,1e-10,10604.728871196849
Non-Gaussian Ising,BP,1535.2395543175487,1.03187402049581e-06,1e-10,10318.740204958098
Non-Gaussian Ising,BP,1569.1559888579386,1.0039925511991453e-06,1e-10,10039.925511991452
Non-Gaussian Ising,BP,1603.0724233983287,9.76812044251528e-07,1e-10,9768.120442515281
Non-Gaussian Ising,BP,1636.9888579387186,9.503178422062427e-07,1e-10,9503.178422062427
Non-Gaussian Ising,BP,1670.9052924791085,9.244948628795412e-07,1e-10,9244.948628795411
Non-Gaussian Ising,BP,1704.8217270194987,8.993279696184892e-07,1e-10,8993.279696184893
Non-Gaussian Ising,BP,1738.7381615598886,8.748022861021779e-07,1e-10,8748.022861021778
Non-Gaussian Ising,BP,1772.6545961002785,8.509038494043794e-07,1e-10,8509.038494043794
Non-Gaussian Ising,BP,1806.5710306406686,8.276187408636627e-07,1e-10,8276.187408636626
Non-Gaussian Ising,BP,1840.4874651810585,8.049331072726232e-07,1e-10,8049.3310727262315
Non-Gaussian Ising,BP,1874.4038997214484,7.82833100433143e-07,1e-10,7828.3310043314295
Non-Gaussian Ising,BP,1908.3203342618385,7.613055583105394e-07,1e-10,7613.055583105393
Non-Gaussian Ising,BP,1942.2367688022284,7.403375520525327e-07,1e-10,7403.3755205253265
Non-Gaussian Ising,BP,1976.1532033426183,7.199161078234303e-07,1e-10,7199.161078234303
Non-Gaussian Ising,BP,2010.0696378830082,7.000281743092694e-07,1e-10,7000.281743092693
Non-Gaussian Ising,BP,2043.9860724233984,6.806611796912093e-07,1e-10,6806.611796912092
Non-Gaussian Ising,BP,2077.9025069637883,6.618031116419081e-07,1e-10,6618.031116419081
Non-Gaussian Ising,BP,2111.8189415041784,6.434419208055421e-07,1e-10,6434.41920805542
Non-Gaussian Ising,BP,2145.735376044568,6.25565632332646e-07,1e-10,6255.65632332646
Non-Gaussian Ising,BP,2179.651810584958,6.08162634417007e-07,1e-10,6081.626344170069
Non-Gaussian Ising,BP,2213.5682451253483,5.91221694533125e-07,1e-10,5912.21694533125
Non-Gaussian Ising,BP,2247.484679665738,5.747317012230072e-07,1e-10,5747.317012230073
Non-Gaussian Ising,BP,2281.401114206128,5.586817241991794e-07,1e-10,5586.817241991794
Non-Gaussian Ising,BP,2315.3175487465182,5.430608920252696e-07,1e-10,5430.6089202526955
Non-Gaussian Ising,BP,2349.233983286908,5.278588492635004e-07,1e-10,5278.588492635004
Non-Gaussian Ising,BP,2383.150417827298,5.130652842339581e-07,1e-10,5130.65284233958
Non-Gaussian Ising,BP,2417.066852367688,4.986700988057877e-07,1e-10,4986.700988057876
Non-Gaussian Ising,BP,2450.983286908078,4.846632469235648e-07,1e-10,4846.6324692356475
Non-Gaussian Ising,BP,2484.899721448468,4.7103560793666525e-07,1e-10,4710.356079366652
Non-Gaussian Ising,BP,2518.816155988858,4.5777707723172397e-07,1e-10,4577.77077231724
Non-Gaussian Ising,BP,2552.732590529248,4.448782672554055e-07,1e-10,4448.782672554054
Non-Gaussian Ising,BP,2586.649025069638,4.3232990142555234e-07,1e-10,4323.299014255524
Non-Gaussian Ising,BP,2620.565459610028,4.2012307467813094e-07,1e-10,4201.230746781309
Non-Gaussian Ising,BP,2654.4818941504177,4.082493607119083e-07,1e-10,4082.4936071190828
Non-Gaussian Ising,BP,2688.398328690808,3.9670008504766947e-07,1e-10,3967.0008504766947
Non-Gaussian Ising,BP,2722.3147632311975,3.854669230952798e-07,1e-10,3854.669230952798
Non-Gaussian Ising,BP,2756.2311977715876,3.7454190174662463e-07,1e-10,3745.4190174662463
Non-Gaussian Ising,BP,2790.1476323119778,3.6391699321158167e-07,1e-10,3639.1699321158167
Non-Gaussian Ising,BP,2824.0640668523674,3.535845853141256e-07,1e-10,3535.8458531412557
Non-Gaussian Ising,BP,2857.9805013927576,3.435370113233755e-07,1e-10,3435.370113233755
Non-Gaussian Ising,BP,2891.8969359331477,3.3376678874441157e-07,1e-10,3337.6678874441154
Non-Gaussian Ising,BP,2925.8133704735374,3.242668697469363e-07,1e-10,3242.668697469363
Non-Gaussian Ising,BP,2959.7298050139275,3.150301397429332e-07,1e-10,3150.3013974293317
Non-Gaussian Ising,BP,2993.6462395543176,3.060496002546811e-07,1e-10,3060.496002546811
Non-Gaussian Ising,BP,3027.5626740947073,2.9731853671567826e-07,1e-10,2973.1853671567824
Non-Gaussian Ising,BP,3061.4791086350974,2.888304907400793e-07,1e-10,2888.304907400793
Non-Gaussian Ising,BP,3095.3955431754875,2.805789291760321e-07,1e-10,2805.789291760321
Non-Gaussian Ising,BP,3129.311977715877,2.725575705164508e-07,1e-10,2725.575705164508
Non-Gaussian Ising,BP,3163.2284122562673,2.6476024996421445e-07,1e-10,2647.6024996421443
Non-Gaussian Ising,BP,3197.1448467966575,2.571811089598613e-07,1e-10,2571.811089598613
Non-Gaussian Ising,BP,3231.061281337047,2.4981430617530727e-07,1e-10,2498.1430617530727
Non-Gaussian Ising,BP,3264.9777158774373,2.426541003411459e-07,1e-10,2426.5410034114593
Non-Gaussian Ising,BP,3298.8941504178274,2.3569488710031994e-07,1e-10,2356.948871003199
Non-Gaussian Ising,BP,3332.810584958217,2.2893131078485788e-07,1e-10,2289.313107848579
Non-Gaussian Ising,BP,3366.727019498607,2.2235810772854662e-07,1e-10,2223.581077285466
Non-Gaussian Ising,BP,3400.6434540389973,2.159701167482158e-07,1e-10,2159.701167482158
Non-Gaussian Ising,BP,3434.559888579387,2.0976226971529324e-07,1e-10,2097.6226971529322
Non-Gaussian Ising,BP,3468.476323119777,2.0372972107238291e-07,1e-10,2037.297210723829
Non-Gaussian Ising,BP,3502.3927576601673,1.9786769731792193e-07,1e-10,1978.6769731792192
Non-Gaussian Ising,BP,3536.309192200557,1.921715284272116e-07,1e-10,1921.715284272116
Non-Gaussian Ising,BP,3570.225626740947,1.8663665626556378e-07,1e-10,1866.3665626556378
Non-Gaussian Ising,BP,3604.142061281337,1.812586730006929e-07,1e-10,1812.586730006929
Non-Gaussian Ising,BP,3638.058495821727,1.7603328595738035e-07,1e-10,1760.3328595738035
Non-Gaussian Ising,BP,3671.974930362117,1.7095630756558707e-07,1e-10,1709.5630756558708
Non-Gaussian Ising,BP,3705.891364902507,1.6602362279553357e-07,1e-10,1660.2362279553356
Non-Gaussian Ising,BP,3739.807799442897,1.612312484793867e-07,1e-10,1612.312484793867
Non-Gaussian Ising,BP,3773.724233983287,1.5657532001643935e-07,1e-10,1565.7532001643935
Non-Gaussian Ising,BP,3807.640668523677,1.5205205831622013e-07,1e-10,1520.520583162201
Non-Gaussian Ising,BP,3841.5571030640667,1.4765777670569776e-07,1e-10,1476.5777670569776
Non-Gaussian Ising,BP,3875.473537604457,1.4338888380232016e-07,1e-10,1433.8888380232015
Non-Gaussian Ising,BP,3909.3899721448465,1.3924190639454575e-07,1e-10,1392.4190639454575
Non-Gaussian Ising,BP,3943.3064066852367,1.3521344809965816e-07,1e-10,1352.1344809965815
Non-Gaussian Ising,BP,3977.222841225627,1.3130020912901782e-07,1e-10,1313.0020912901782
Non-Gaussian Ising,BP,4011.1392757660165,1.274989458325849e-07,1e-10,1274.989458325849
Non-Gaussian Ising,BP,4045.0557103064066,1.2380654016395e-07,1e-10,1238.0654016395
Non-Gaussian Ising,BP,4078.9721448467967,1.2021994188759802e-07,1e-10,1202.1994188759802
Non-Gaussian Ising,BP,4112.888579387187,1.167361824777138e-07,1e-10,1167.361824777138
Non-Gaussian Ising,BP,4146.8050139275765,1.1335236084889563e-07,1e-10,1133.5236084889561
Non-Gaussian Ising,BP,4180.721448467966,1.1006567891565374e-07,1e-10,1100.6567891565373
Non-Gaussian Ising,BP,4214.637883008357,1.0687340224061368e-07,1e-10,1068.7340224061368
Non-Gaussian Ising,BP,4248.554317548746,1.0377287259818528e-07,1e-10,1037.7287259818527
Non-Gaussian Ising,BP,4282.470752089136,1.0076149070522587e-07,1e-10,1007.6149070522587
Non-Gaussian Ising,BP,4316.387186629527,9.783674339379254e-08,1e-10,978.3674339379254
Non-Gaussian Ising,BP,4350.303621169916,9.499618311490494e-08,1e-10,949.9618311490494
Non-Gaussian Ising,BP,4384.220055710306,9.223742667018282e-08,1e-10,922.3742667018282
Non-Gaussian Ising,BP,4418.136490250697,8.955815120413242e-08,1e-10,895.5815120413241
Non-Gaussian Ising,BP,4452.052924791086,8.695610452578418e-08,1e-10,869.5610452578418
Non-Gaussian Ising,BP,4485.969359331476,8.442909756823003e-08,1e-10,844.2909756823003
Non-Gaussian Ising,BP,4519.885793871867,8.19749980879736e-08,1e-10,819.7499808797359
Non-Gaussian Ising,BP,4553.802228412256,7.959172991285577e-08,1e-10,795.9172991285577
Non-Gaussian Ising,BP,4587.718662952646,7.727727631641288e-08,1e-10,772.7727631641288
Non-Gaussian Ising,BP,4621.6350974930365,7.502968083014473e-08,1e-10,750.2968083014473
Non-Gaussian Ising,BP,4655.551532033426,7.284703733625984e-08,1e-10,728.4703733625984
Non-Gaussian Ising,BP,4689.467966573816,7.072749137006106e-08,1e-10,707.2749137006106
Non-Gaussian Ising,BP,4723.384401114206,6.866923899119459e-08,1e-10,686.6923899119458
Non-Gaussian Ising,BP,4757.300835654596,6.66705327439162e-08,1e-10,666.705327439162
Non-Gaussian Ising,BP,4791.217270194986,6.472966992493837e-08,1e-10,647.2966992493837
Non-Gaussian Ising,BP,4825.133704735376,6.284499510216649e-08,1e-10,628.4499510216649
Non-Gaussian Ising,BP,4859.050139275766,6.10148961611327e-08,1e-10,610.1489616113271
Non-Gaussian Ising,BP,4892.966573816156,5.923781326141549e-08,1e-10,592.3781326141549
Non-Gaussian Ising,BP,4926.883008356546,5.751222641885953e-08,1e-10,575.1222641885953
Non-Gaussian Ising,BP,4960.799442896936,5.583665832530779e-08,1e-10,558.3665832530779
Non-Gaussian Ising,BP,4994.715877437326,5.420967049240945e-08,1e-10,542.0967049240945
Non-Gaussian Ising,BP,5028.632311977716,5.262987027312471e-08,1e-10,526.2987027312471
Non-Gaussian Ising,BP,5062.548746518106,5.1095901933042414e-08,1e-10,510.9590193304241
Non-Gaussian Ising,BP,5096.465181058496,4.960644766590332e-08,1e-10,496.0644766590332
Non-Gaussian Ising,BP,5130.381615598886,4.81602251422278e-08,1e-10,481.602251422278
Non-Gaussian Ising,BP,5164.298050139276,4.6755991267028836e-08,1e-10,467.5599126702883
Non-Gaussian Ising,BP,5198.2144846796655,4.5392537556153697e-08,1e-10,453.92537556153695
Non-Gaussian Ising,BP,5232.130919220056,4.406868906865473e-08,1e-10,440.6868906865473
Non-Gaussian Ising,BP,5266.047353760446,4.278330315817438e-08,1e-10,427.83303158174374
Non-Gaussian Ising,BP,5299.963788300835,4.153527094906024e-08,1e-10,415.35270949060236
Non-Gaussian Ising,BP,5333.880222841226,4.0323515631527204e-08,1e-10,403.23515631527204
Non-Gaussian Ising,BP,5367.796657381616,3.914699013914663e-08,1e-10,391.4699013914663
Non-Gaussian Ising,BP,5401.713091922005,3.800473032604701e-08,1e-10,380.0473032604701
Non-Gaussian Ising,BP,5435.629526462395,3.68961453921332e-08,1e-10,368.961453921332
Non-Gaussian Ising,BP,5469.545961002786,3.581979415587772e-08,1e-10,358.1979415587772
Non-Gaussian Ising,BP,5503.462395543175,3.477474529433697e-08,1e-10,347.7474529433697
Non-Gaussian Ising,BP,5537.378830083565,3.376009381984204e-08,1e-10,337.60093819842035
Non-Gaussian Ising,BP,5571.2952646239555,3.2774960166009214e-08,1e-10,327.74960166009214
Non-Gaussian Ising,BP,5605.211699164345,3.1818491520911176e-08,1e-10,318.18491520911175
Non-Gaussian Ising,BP,5639.128133704735,3.0889858481582516e-08,1e-10,308.89858481582513
Non-Gaussian Ising,BP,5673.044568245125,2.998825534667667e-08,1e-10,299.8825534667667
Non-Gaussian Ising,BP,5706.961002785515,2.911289866152339e-08,1e-10,291.1289866152339
Non-Gaussian Ising,BP,5740.877437325905,2.8263029206352002e-08,1e-10,282.63029206352
Non-Gaussian Ising,BP,5774.793871866295,2.7437908571654676e-08,1e-10,274.37908571654674
Non-Gaussian Ising,BP,5808.710306406685,2.663681953895762e-08,1e-10,266.36819538957616
Non-Gaussian Ising,BP,5842.626740947075,2.585906487401116e-08,1e-10,258.5906487401116
Non-Gaussian Ising,BP,5876.543175487465,2.5103968511486312e-08,1e-10,251.03968511486312
Non-Gaussian Ising,BP,5910.459610027855,2.4370873365668692e-08,1e-10,243.70873365668692
Non-Gaussian Ising,BP,5944.376044568245,2.3659141138086245e-08,1e-10,236.59141138086244
Non-Gaussian Ising,BP,5978.292479108635,2.296815151926608e-08,1e-10,229.68151519266078
Non-Gaussian Ising,BP,6012.208913649025,2.2297302652855122e-08,1e-10,222.9730265285512
Non-Gaussian Ising,BP,6046.125348189415,2.1646009966459746e-08,1e-10,216.46009966459744
Non-Gaussian Ising,BP,6080.041782729805,2.1013705538068135e-08,1e-10,210.13705538068135
Non-Gaussian Ising,BP,6113.958217270195,2.0399837601252443e-08,1e-10,203.99837601252443
Non-Gaussian Ising,BP,6147.8746518105845,1.9803870544373326e-08,1e-10,198.03870544373325
Non-Gaussian Ising,BP,6181.791086350975,1.922528440113143e-08,1e-10,192.2528440113143
Non-Gaussian Ising,BP,6215.707520891365,1.8663573979288033e-08,1e-10,186.63573979288032
Non-Gaussian Ising,BP,6249.623955431754,1.8118248565330634e-08,1e-10,181.18248565330634
Non-Gaussian Ising,BP,6283.540389972145,1.7588831633984238e-08,1e-10,175.88831633984236
Non-Gaussian Ising,BP,6317.456824512535,1.7074860761680763e-08,1e-10,170.74860761680762
Non-Gaussian Ising,BP,6351.373259052924,1.6575886655646193e-08,1e-10,165.75886655646192
Non-Gaussian Ising,BP,6385.289693593315,1.6091472968504857e-08,1e-10,160.91472968504857
Non-Gaussian Ising,BP,6419.206128133705,1.5621195841157643e-08,1e-10,156.21195841157643
Non-Gaussian Ising,BP,6453.122562674094,1.5164644093169518e-08,1e-10,151.64644093169517
Non-Gaussian Ising,BP,6487.038997214485,1.472141820514888e-08,1e-10,147.2141820514888
Non-Gaussian Ising,BP,6520.955431754875,1.429113022829433e-08,1e-10,142.9113022829433
Non-Gaussian Ising,BP,6554.871866295264,1.3873403251880755e-08,1e-10,138.73403251880754
Non-Gaussian Ising,BP,6588.788300835655,1.3467871691288709e-08,1e-10,134.67871691288707
Non-Gaussian Ising,BP,6622.7047353760445,1.307418034962876e-08,1e-10,130.7418034962876
Non-Gaussian Ising,BP,6656.621169916434,1.269198433029099e-08,1e-10,126.9198433029099
Non-Gaussian Ising,BP,6690.537604456825,1.232094859646075e-08,1e-10,123.20948596460751
Non-Gaussian Ising,BP,6724.454038997214,1.1960748079705575e-08,1e-10,119.60748079705574
Non-Gaussian Ising,BP,6758.370473537604,1.161106705159742e-08,1e-10,116.11067051597419
Non-Gaussian Ising,BP,6792.286908077995,1.1271598930938278e-08,1e-10,112.71598930938278
Non-Gaussian Ising,BP,6826.203342618384,1.0942045937776099e-08,1e-10,109.42045937776099
Non-Gaussian Ising,BP,6860.119777158774,1.0622119074931874e-08,1e-10,106.22119074931874
Non-Gaussian Ising,BP,6894.036211699165,1.031153773367157e-08,1e-10,103.1153773367157
Non-Gaussian Ising,BP,6927.952646239554,1.0010029412111115e-08,1e-10,100.10029412111115
Non-Gaussian Ising,BP,6961.869080779944,9.717329481471572e-09,1e-10,97.17329481471572
Non-Gaussian Ising,BP,6995.7855153203345,9.433181044725539e-09,1e-10,94.33181044725538
Non-Gaussian Ising,BP,7029.701949860724,9.15733472959618e-09,1e-10,91.5733472959618
Non-Gaussian Ising,BP,7063.618384401114,8.889548361748224e-09,1e-10,88.89548361748224
Non-Gaussian Ising,BP,7097.534818941504,8.629320303007674e-09,1e-10,86.29320303007674
Non-Gaussian Ising,BP,7131.451253481894,8.3766547442888e-09,1e-10,83.766547442888
Non-Gaussian Ising,BP,7165.367688022284,8.131381868656214e-09,1e-10,81.31381868656213
Non-Gaussian Ising,BP,7199.284122562674,7.893285683848405e-09,1e-10,78.93285683848404
Non-Gaussian Ising,BP,7233.200557103064,7.662156483062403e-09,1e-10,76.62156483062402
Non-Gaussian Ising,BP,7267.116991643454,7.4377906276147965e-09,1e-10,74.37790627614797
Non-Gaussian Ising,BP,7301.033426183844,7.2199905246393966e-09,1e-10,72.19990524639397
Non-Gaussian Ising,BP,7334.949860724234,7.008564275147053e-09,1e-10,70.08564275147053
Non-Gaussian Ising,BP,7368.866295264624,6.803325576767451e-09,1e-10,68.0332557676745
Non-Gaussian Ising,BP,7402.782729805014,6.604093524268168e-09,1e-10,66.04093524268168
Non-Gaussian Ising,BP,7436.699164345404,6.410692561329875e-09,1e-10,64.10692561329876
Non-Gaussian Ising,BP,7470.615598885794,6.222952223162637e-09,1e-10,62.22952223162637
Non-Gaussian Ising,BP,7504.532033426184,6.040707005287983e-09,1e-10,60.40707005287983
Non-Gaussian Ising,BP,7538.448467966574,5.863796213622408e-09,1e-10,58.63796213622408
Non-Gaussian Ising,BP,7572.3649025069635,5.692063883886272e-09,1e-10,56.92063883886272
Non-Gaussian Ising,BP,7606.281337047354,5.525358595773804e-09,1e-10,55.25358595773804
Non-Gaussian Ising,BP,7640.197771587744,5.363533331825507e-09,1e-10,53.63533331825507
Non-Gaussian Ising,BP,7674.114206128133,5.206445360953044e-09,1e-10,52.06445360953044
Non-Gaussian Ising,BP,7708.030640668523,5.053956129191402e-09,1e-10,50.53956129191401
Non-Gaussian Ising,BP,7741.947075208914,4.905931146076534e-09,1e-10,49.059311460765336
Non-Gaussian Ising,BP,7775.863509749303,4.762239819980981e-09,1e-10,47.622398199809815
Non-Gaussian Ising,BP,7809.779944289693,4.622755381507268e-09,1e-10,46.22755381507268
Non-Gaussian Ising,BP,7843.696378830084,4.487354755481287e-09,1e-10,44.87354755481287
Non-Gaussian Ising,BP,7877.612813370473,4.355918487545499e-09,1e-10,43.55918487545499
Non-Gaussian Ising,BP,7911.529247910863,4.228330588372059e-09,1e-10,42.283305883720594
Non-Gaussian Ising,BP,7945.445682451254,4.104478463767626e-09,1e-10,41.04478463767626
Non-Gaussian Ising,BP,7979.362116991643,3.98425279835111e-09,1e-10,39.842527983511104
Non-Gaussian Ising,BP,8013.278551532033,3.86757877149484e-09,1e-10,38.6757877149484
Non-Gaussian Ising,BP,8047.1949860724235,3.754379406377057e-09,1e-10,37.54379406377057
Non-Gaussian Ising,BP,8081.111420612813,3.6444921761442513e-09,1e-10,36.444921761442515
Non-Gaussian Ising,BP,8115.027855153203,3.5378202288221677e-09,1e-10,35.37820228822167
Non-Gaussian Ising,BP,8148.944289693593,3.434269552670865e-09,1e-10,34.34269552670865
Non-Gaussian Ising,BP,8182.860724233983,3.3337488710947224e-09,1e-10,33.33748871094722
Non-Gaussian Ising,BP,8216.777158774374,3.2361695783498845e-09,1e-10,32.361695783498845
Non-Gaussian Ising,BP,8250.693593314763,3.1414456422364194e-09,1e-10,31.414456422364193
Non-Gaussian Ising,BP,8284.610027855153,3.0494935636543327e-09,1e-10,30.494935636543325
Non-Gaussian Ising,BP,8318.526462395543,2.960232274377797e-09,1e-10,29.602322743777968
Non-Gaussian Ising,BP,8352.442896935932,2.873583076250794e-09,1e-10,28.735830762507938
Non-Gaussian Ising,BP,8386.359331476324,2.789469560016859e-09,1e-10,27.89469560016859
Non-Gaussian Ising,BP,8420.275766016714,2.707817565644522e-09,1e-10,27.078175656445218
Non-Gaussian Ising,BP,8454.192200557103,2.6285550954533405e-09,1e-10,26.285550954533406
Non-Gaussian Ising,BP,8488.108635097493,2.551612249223141e-09,1e-10,25.516122492231407
Non-Gaussian Ising,BP,8522.025069637883,2.4769211709048882e-09,1e-10,24.769211709048882
Non-Gaussian Ising,BP,8555.941504178272,2.4044159903721494e-09,1e-10,24.044159903721493
Non-Gaussian Ising,BP,8589.857938718664,2.334032765573129e-09,1e-10,23.34032765573129
Non-Gaussian Ising,BP,8623.774373259053,2.2657094189098412e-09,1e-10,22.657094189098412
Non-Gaussian Ising,BP,8657.690807799443,2.199385687286661e-09,1e-10,21.99385687286661
Non-Gaussian Ising,BP,8691.607242339833,2.1350030735084307e-09,1e-10,21.350030735084307
Non-Gaussian Ising,BP,8725.523676880222,2.0725047800504814e-09,1e-10,20.725047800504814
Non-Gaussian Ising,BP,8759.440111420612,2.0118356885575637e-09,1e-10,20.118356885575636
Non-Gaussian Ising,BP,8793.356545961002,1.95294227477171e-09,1e-10,19.5294227477171
Non-Gaussian Ising,BP,8827.272980501393,1.895772581321079e-09,1e-10,18.95772581321079
Non-Gaussian Ising,BP,8861.189415041783,1.8402761826993111e-09,1e-10,18.40276182699311
Non-Gaussian Ising,BP,8895.105849582173,1.7864041122643878e-09,1e-10,17.864041122643876
Non-Gaussian Ising,BP,8929.022284122562,1.7341088480349478e-09,1e-10,17.341088480349477
Non-Gaussian Ising,BP,8962.938718662952,1.6833442487169986e-09,1e-10,16.833442487169986
Non-Gaussian Ising,BP,8996.855153203342,1.634065523119893e-09,1e-10,16.34065523119893
Non-Gaussian Ising,BP,9030.771587743733,1.5862291963063308e-09,1e-10,15.862291963063308
Non-Gaussian Ising,BP,9064.688022284123,1.5397930570115332e-09,1e-10,15.397930570115332
Non-Gaussian Ising,BP,9098.604456824512,1.4947161364712611e-09,1e-10,14.94716136471261
Non-Gaussian Ising,BP,9132.520891364902,1.4509586571965285e-09,1e-10,14.509586571965285
Non-Gaussian Ising,BP,9166.437325905292,1.408482009648114e-09,1e-10,14.08482009648114
Non-Gaussian Ising,BP,9200.353760445681,1.3672487107723791e-09,1e-10,13.672487107723791
Non-Gaussian Ising,BP,9234.270194986073,1.3272223714976125e-09,1e-10,13.272223714976125
Non-Gaussian Ising,BP,9268.186629526463,1.2883676741477906e-09,1e-10,12.883676741477906
Non-Gaussian Ising,BP,9302.103064066852,1.250650330161713e-09,1e-10,12.50650330161713
Non-Gaussian Ising,BP,9336.019498607242,1.214037056939929e-09,1e-10,12.140370569399291
Non-Gaussian Ising,BP,9369.935933147632,1.1784955354832198e-09,1e-10,11.784955354832197
Non-Gaussian Ising,BP,9403.852367688021,1.1439944019110036e-09,1e-10,11.439944019110035
Non-Gaussian Ising,BP,9437.768802228413,1.110503211895756e-09,1e-10,11.10503211895756
Non-Gaussian Ising,BP,9471.685236768802,1.0779924063100733e-09,1e-10,10.779924063100733
Non-Gaussian Ising,BP,9505.601671309192,1.0464332890562771e-09,1e-10,10.46433289056277
Non-Gaussian Ising,BP,9539.518105849582,1.0157980059319282e-09,1e-10,10.157980059319282
Non-Gaussian Ising,BP,9573.434540389972,9.860595219153147e-10,1e-10,9.860595219153147
Non-Gaussian Ising,BP,9607.350974930361,9.571915867948053e-10,1e-10,9.571915867948054
Non-Gaussian Ising,BP,9641.267409470753,9.291687193416162e-10,1e-10,9.291687193416163
Non-Gaussian Ising,BP,9675.183844011142,9.019661897217214e-10,1e-10,9.019661897217214
Non-Gaussian Ising,BP,9709.100278551532,8.755599855491127e-10,1e-10,8.755599855491127
Non-Gaussian Ising,BP,9743.016713091922,8.499267981472882e-10,1e-10,8.499267981472881
Non-Gaussian Ising,BP,9776.933147632311,8.250439978896687e-10,1e-10,8.250439978896686
Non-Gaussian Ising,BP,9810.849582172701,8.00889629615196e-10,1e-10,8.00889629615196
Non-Gaussian Ising,BP,9844.766016713093,7.77442366704613e-10,1e-10,7.77442366704613
Non-Gaussian Ising,BP,9878.682451253482,7.546815110652776e-10,1e-10,7.546815110652775
Non-Gaussian Ising,BP,9912.598885793872,7.325869720547985e-10,1e-10,7.325869720547985
Non-Gaussian Ising,BP,9946.515320334262,7.111392433548207e-10,1e-10,7.111392433548207
Non-Gaussian Ising,BP,9980.431754874651,6.903193976764657e-10,1e-10,6.903193976764657
Non-Gaussian Ising,BP,10014.34818941504,6.701090536158656e-10,1e-10,6.701090536158655
Non-Gaussian Ising,BP,10048.264623955432,6.504903682356488e-10,1e-10,6.504903682356487
Non-Gaussian Ising,BP,10082.181058495822,6.314460269829508e-10,1e-10,6.314460269829508
Non-Gaussian Ising,BP,10116.097493036212,6.129592120317349e-10,1e-10,6.129592120317349
Non-Gaussian Ising,BP,10150.013927576601,5.950136045548064e-10,1e-10,5.950136045548064
Non-Gaussian Ising,BP,10183.930362116991,5.775933659995698e-10,1e-10,5.775933659995697
Non-Gaussian Ising,BP,10217.84679665738,5.606831166585581e-10,1e-10,5.6068311665855814
Non-Gaussian Ising,BP,10251.763231197772,5.44267923122964e-10,1e-10,5.44267923122964
Non-Gaussian Ising,BP,10285.679665738162,5.283332990714096e-10,1e-10,5.283332990714096
Non-Gaussian Ising,BP,10319.596100278552,5.128651713047256e-10,1e-10,5.128651713047256
Non-Gaussian Ising,BP,10353.512534818941,4.978498913613014e-10,1e-10,4.978498913613014
Non-Gaussian Ising,BP,10387.428969359331,4.832741963012808e-10,1e-10,4.832741963012809
Non-Gaussian Ising,BP,10421.34540389972,4.69125219914613e-10,1e-10,4.691252199146129
Non-Gaussian Ising,BP,10455.261838440112,4.55390472352361e-10,1e-10,4.553904723523609
Non-Gaussian Ising,BP,10489.178272980502,4.420578262499474e-10,1e-10,4.420578262499474
Non-Gaussian Ising,BP,10523.094707520891,4.291155097924608e-10,1e-10,4.291155097924608
Non-Gaussian Ising,BP,10557.011142061281,4.1655209675741185e-10,1e-10,4.1655209675741185
Non-Gaussian Ising,BP,10590.92757660167,4.0435649601425323e-10,1e-10,4.0435649601425325
Non-Gaussian Ising,BP,10624.84401114206,3.9251793899996106e-10,1e-10,3.9251793899996104
Non-Gaussian Ising,BP,10658.760445682452,3.8102597444556843e-10,1e-10,3.810259744455684
Non-Gaussian Ising,BP,10692.676880222842,3.698704561343025e-10,1e-10,3.6987045613430247
Non-Gaussian Ising,BP,10726.593314763231,3.590415314231789e-10,1e-10,3.5904153142317887
Non-Gaussian Ising,BP,10760.509749303621,3.4852964634395457e-10,1e-10,3.485296463439546
Non-Gaussian Ising,BP,10794.42618384401,3.383255091429475e-10,1e-10,3.383255091429475
Non-Gaussian Ising,BP,10828.3426183844,3.2842012015325827e-10,1e-10,3.2842012015325825
Non-Gaussian Ising,BP,10862.25905292479,3.18804730961542e-10,1e-10,3.1880473096154196
Non-Gaussian Ising,BP,10896.175487465182,3.09470849981424e-10,1e-10,3.0947084998142396
Non-Gaussian Ising,BP,10930.091922005571,3.004102363824661e-10,1e-10,3.0041023638246607
Non-Gaussian Ising,BP,10964.00835654596,2.9161488721434656e-10,1e-10,2.9161488721434656
Non-Gaussian Ising,BP,10997.92479108635,2.830770446045715e-10,1e-10,2.8307704460457153
Non-Gaussian Ising,BP,11031.84122562674,2.74789162631938e-10,1e-10,2.7478916263193796
Non-Gaussian Ising,BP,11065.75766016713,2.6674392657239736e-10,1e-10,2.6674392657239734
Non-Gaussian Ising,BP,11099.674094707521,2.589342324165708e-10,1e-10,2.589342324165708
Non-Gaussian Ising,BP,11133.590529247911,2.513531845374941e-10,1e-10,2.5135318453749407
Non-Gaussian Ising,BP,11167.5069637883,2.439940891617549e-10,1e-10,2.4399408916175487
Non-Gaussian Ising,BP,11201.42339832869,2.368504486125121e-10,1e-10,2.368504486125121
Non-Gaussian Ising,BP,11235.33983286908,2.2991595493327327e-10,1e-10,2.2991595493327326
Non-Gaussian Ising,BP,11269.25626740947,2.2318448224401473e-10,1e-10,2.2318448224401473
Non-Gaussian Ising,BP,11303.172701949861,2.166500921788475e-10,1e-10,2.166500921788475
Non-Gaussian Ising,BP,11337.08913649025,2.1030700919811192e-10,1e-10,2.103070091981119
Non-Gaussian Ising,BP,11371.00557103064,2.0414963828424154e-10,1e-10,2.0414963828424155
Non-Gaussian Ising,BP,11404.92200557103,1.9817253900263718e-10,1e-10,1.9817253900263718
Non-Gaussian Ising,BP,11438.83844011142,1.9237043682286193e-10,1e-10,1.9237043682286192
Non-Gaussian Ising,BP,11472.75487465181,1.8673820304355392e-10,1e-10,1.867382030435539
Non-Gaussian Ising,BP,11506.671309192201,1.8127087156525302e-10,1e-10,1.8127087156525301
Non-Gaussian Ising,BP,11540.58774373259,1.7596360517640308e-10,1e-10,1.7596360517640306
Non-Gaussian Ising,BP,11574.50417827298,1.708117267923344e-10,1e-10,1.7081172679233438
Non-Gaussian Ising,BP,11608.42061281337,1.6581068125256052e-10,1e-10,1.658106812525605
Non-Gaussian Ising,BP,11642.33704735376,1.6095605467379265e-10,1e-10,1.6095605467379264
Non-Gaussian Ising,BP,11676.25348189415,1.5624356324828962e-10,1e-10,1.5624356324828963
Non-Gaussian Ising,BP,11710.169916434541,1.5166903786444154e-10,1e-10,1.5166903786444155
Non-Gaussian Ising,BP,11744.08635097493,1.4722844916539163e-10,1e-10,1.4722844916539162
Non-Gaussian Ising,BP,11778.00278551532,1.429178701157391e-10,1e-10,1.4291787011573909
Non-Gaussian Ising,BP,11811.91922005571,1.3873349275393756e-10,1e-10,1.3873349275393756
Non-Gaussian Ising,BP,11845.8356545961,1.3467162781675372e-10,1e-10,1.346716278167537
Non-Gaussian Ising,BP,11879.75208913649,1.3072868506033376e-10,1e-10,1.3072868506033375
Non-Gaussian Ising,BP,11913.66852367688,1.2690118188053942e-10,1e-10,1.2690118188053943
Non-Gaussian Ising,BP,11947.58495821727,1.2318574034928687e-10,1e-10,1.2318574034928687
Non-Gaussian Ising,BP,11981.50139275766,1.1957907934559728e-10,1e-10,1.1957907934559728
Non-Gaussian Ising,BP,12015.41782729805,1.160780151297846e-10,1e-10,1.160780151297846
Non-Gaussian Ising,BP,12049.33426183844,1.1267945546869522e-10,1e-10,1.1267945546869522
Non-Gaussian Ising,BP,12083.25069637883,1.093803950192011e-10,1e-10,1.093803950192011
Non-Gaussian Ising,BP,12117.16713091922,1.0617792894515228e-10,1e-10,1.0617792894515228
Non-Gaussian Ising,BP,12151.08356545961,1.0306922171787493e-10,1e-10,1.0306922171787494
Non-Gaussian Ising,BP,12185.0,1.0005153252841922e-10,1e-10,1.000515325284192
Non-Gaussian Ising,I-BP,9.0,3.743277577721018e-06,1e-10,37432.775777210176
Non-Gaussian Ising,I-BP,12.309192200557103,3.6383350851334484e-06,1e-10,36383.350851334486
Non-Gaussian Ising,I-BP,15.618384401114206,3.536334647074779e-06,1e-10,35363.34647074779
Non-Gaussian Ising,I-BP,18.927576601671312,3.4572679431073354e-06,1e-10,34572.67943107335
Non-Gaussian Ising,I-BP,22.23676880222841,3.430884963055814e-06,1e-10,34308.84963055814
Non-Gaussian Ising,I-BP,25.545961002785518,3.4047033158624422e-06,1e-10,34047.03315862442
Non-Gaussian Ising,I-BP,28.85515320334262,3.382613989743327e-06,1e-10,33826.13989743327
Non-Gaussian Ising,I-BP,32.16434540389972,3.363141998633026e-06,1e-10,33631.41998633026
Non-Gaussian Ising,I-BP,35.47353760445682,3.3437820978880313e-06,1e-10,33437.820978880314
Non-Gaussian Ising,I-BP,38.78272980501393,3.3268666426195552e-06,1e-10,33268.66642619555
Non-Gaussian Ising,I-BP,42.091922005571035,3.3104760877166022e-06,1e-10,33104.76087716602
Non-Gaussian Ising,I-BP,45.401114206128135,3.2939744392638722e-06,1e-10,32939.74439263872
Non-Gaussian Ising,I-BP,48.71030640668524,3.2761714332805836e-06,1e-10,32761.714332805834
Non-Gaussian Ising,I-BP,52.01949860724234,3.2584646475406234e-06,1e-10,32584.646475406233
Non-Gaussian Ising,I-BP,55.32869080779945,3.2404072886325736e-06,1e-10,32404.072886325735
Non-Gaussian Ising,I-BP,58.637883008356546,3.2217885976068663e-06,1e-10,32217.88597606866
Non-Gaussian Ising,I-BP,61.94707520891365,3.2032768856194744e-06,1e-10,32032.768856194743
Non-Gaussian Ising,I-BP,65.25626740947075,3.1837458268196116e-06,1e-10,31837.458268196115
Non-Gaussian Ising,I-BP,68.56545961002786,3.163811859553519e-06,1e-10,31638.11859553519
Non-Gaussian Ising,I-BP,71.87465181058496,3.144002702203984e-06,1e-10,31440.027022039838
Non-Gaussian Ising,I-BP,75.18384401114207,3.1229223303087597e-06,1e-10,31229.223303087594
Non-Gaussian Ising,I-BP,78.49303621169916,3.101928751338451e-06,1e-10,31019.287513384512
Non-Gaussian Ising,I-BP,81.80222841225627,3.0807963819421485e-06,1e-10,30807.963819421482
Non-Gaussian Ising,I-BP,85.11142061281338,3.058939358533722e-06,1e-10,30589.39358533722
Non-Gaussian Ising,I-BP,88.42061281337048,3.0372374020018587e-06,1e-10,30372.374020018586
Non-Gaussian Ising,I-BP,91.72980501392759,3.0148142928402746e-06,1e-10,30148.142928402744
Non-Gaussian Ising,I-BP,95.03899721448468,2.9917638245635818e-06,1e-10,29917.638245635815
Non-Gaussian Ising,I-BP,98.34818941504179,2.96888959403694e-06,1e-10,29688.895940369403
Non-Gaussian Ising,I-BP,101.6573816155989,2.9445944644075126e-06,1e-10,29445.944644075124
Non-Gaussian Ising,I-BP,104.966573816156,2.9201100615913783e-06,1e-10,29201.100615913783
Non-Gaussian Ising,I-BP,108.27576601671309,2.895648400236944e-06,1e-10,28956.484002369438
Non-Gaussian Ising,I-BP,111.5849582172702,2.8694197378864635e-06,1e-10,28694.197378864636
Non-Gaussian Ising,I-BP,114.8941504178273,2.8434286536648135e-06,1e-10,28434.286536648135
Non-Gaussian Ising,I-BP,118.20334261838441,2.8168860353477633e-06,1e-10,28168.86035347763
Non-Gaussian Ising,I-BP,121.51253481894152,2.789227384077798e-06,1e-10,27892.27384077798
Non-Gaussian Ising,I-BP,124.82172701949861,2.7618403096414263e-06,1e-10,27618.403096414262
Non-Gaussian Ising,I-BP,128.13091922005572,2.7333666875213622e-06,1e-10,27333.66687521362
Non-Gaussian Ising,I-BP,131.44011142061282,2.704445142589407e-06,1e-10,27044.45142589407
Non-Gaussian Ising,I-BP,134.74930362116993,2.6758296143236643e-06,1e-10,26758.296143236643
Non-Gaussian Ising,I-BP,138.05849582172704,2.6456706117165417e-06,1e-10,26456.706117165417
Non-Gaussian Ising,I-BP,141.36768802228414,2.6157019580420085e-06,1e-10,26157.019580420085
Non-Gaussian Ising,I-BP,144.67688022284125,2.5856703632797947e-06,1e-10,25856.703632797948
Non-Gaussian Ising,I-BP,147.98607242339833,2.5544372014031163e-06,1e-10,25544.372014031163
Non-Gaussian Ising,I-BP,151.29526462395543,2.5235813151508387e-06,1e-10,25235.813151508388
Non-Gaussian Ising,I-BP,154.60445682451254,2.492194340992936e-06,1e-10,24921.943409929358
Non-Gaussian Ising,I-BP,157.91364902506965,2.4602497454607907e-06,1e-10,24602.497454607907
Non-Gaussian Ising,I-BP,161.22284122562675,2.428714611248306e-06,1e-10,24287.146112483057
Non-Gaussian Ising,I-BP,164.53203342618386,2.396194902461473e-06,1e-10,23961.94902461473
Non-Gaussian Ising,I-BP,167.84122562674096,2.3636902273430464e-06,1e-10,23636.902273430464
Non-Gaussian Ising,I-BP,171.15041782729807,2.3315423942381203e-06,1e-10,23315.423942381203
Non-Gaussian Ising,I-BP,174.45961002785518,2.298090656630011e-06,1e-10,22980.90656630011
Non-Gaussian Ising,I-BP,177.76880222841226,2.265118866867485e-06,1e-10,22651.18866867485
Non-Gaussian Ising,I-BP,181.07799442896936,2.2320494949523794e-06,1e-10,22320.494949523792
Non-Gaussian Ising,I-BP,184.38718662952647,2.1982995155712473e-06,1e-10,21982.995155712473
Non-Gaussian Ising,I-BP,187.69637883008357,2.165059856911413e-06,1e-10,21650.59856911413
Non-Gaussian Ising,I-BP,191.00557103064068,2.131198727425829e-06,1e-10,21311.98727425829
Non-Gaussian Ising,I-BP,194.3147632311978,2.097148270803026e-06,1e-10,20971.48270803026
Non-Gaussian Ising,I-BP,197.6239554317549,2.063641843031827e-06,1e-10,20636.41843031827
Non-Gaussian Ising,I-BP,200.933147632312,2.0288288326498415e-06,1e-10,20288.288326498416
Non-Gaussian Ising,I-BP,204.2423398328691,1.994371066139055e-06,1e-10,19943.71066139055
Non-Gaussian Ising,I-BP,207.55153203342618,1.960135675376248e-06,1e-10,19601.356753762477
Non-Gaussian Ising,I-BP,210.8607242339833,1.924744343735027e-06,1e-10,19247.443437350266
Non-Gaussian Ising,I-BP,214.1699164345404,1.890094920683144e-06,1e-10,18900.94920683144
Non-Gaussian Ising,I-BP,217.4791086350975,1.8551181181697195e-06,1e-10,18551.181181697193
Non-Gaussian Ising,I-BP,220.7883008356546,1.8196341761150624e-06,1e-10,18196.341761150623
Non-Gaussian Ising,I-BP,224.09749303621172,1.784828956418516e-06,1e-10,17848.28956418516
Non-Gaussian Ising,I-BP,227.40668523676882,1.7490931367839773e-06,1e-10,17490.93136783977
Non-Gaussian Ising,I-BP,230.71587743732593,1.7134865452642162e-06,1e-10,17134.865452642163
Non-Gaussian Ising,I-BP,234.02506963788304,1.6785877730908357e-06,1e-10,16785.877730908356
Non-Gaussian Ising,I-BP,237.3342618384401,1.6422157333500217e-06,1e-10,16422.157333500218
Non-Gaussian Ising,I-BP,240.64345403899722,1.6066318116308687e-06,1e-10,16066.318116308687
Non-Gaussian Ising,I-BP,243.95264623955433,1.571178346827307e-06,1e-10,15711.783468273068
Non-Gaussian Ising,I-BP,247.26183844011143,1.5349586934258205e-06,1e-10,15349.586934258205
Non-Gaussian Ising,I-BP,250.57103064066854,1.4995739950726727e-06,1e-10,14995.739950726726
Non-Gaussian Ising,I-BP,253.88022284122565,1.4636779582960612e-06,1e-10,14636.779582960611
Non-Gaussian Ising,I-BP,257.18941504178275,1.4276575548688933e-06,1e-10,14276.575548688932
Non-Gaussian Ising,I-BP,260.49860724233986,1.3925235960695874e-06,1e-10,13925.235960695874
Non-Gaussian Ising,I-BP,263.80779944289696,1.3563214969575596e-06,1e-10,13563.214969575596
Non-Gaussian Ising,I-BP,267.11699164345407,1.3207246782649566e-06,1e-10,13207.246782649565
Non-Gaussian Ising,I-BP,270.4261838440112,1.285743713048247e-06,1e-10,12857.43713048247
Non-Gaussian Ising,I-BP,273.7353760445683,1.2495945112199075e-06,1e-10,12495.945112199075
Non-Gaussian Ising,I-BP,277.0445682451254,1.2144616587460815e-06,1e-10,12144.616587460814
Non-Gaussian Ising,I-BP,280.3537604456825,1.179254263719598e-06,1e-10,11792.54263719598
Non-Gaussian Ising,I-BP,283.66295264623955,1.1435792007362547e-06,1e-10,11435.792007362546
Non-Gaussian Ising,I-BP,286.97214484679665,1.1089833877145363e-06,1e-10,11089.833877145364
Non-Gaussian Ising,I-BP,290.28133704735376,1.0735828803022952e-06,1e-10,10735.82880302295
Non-Gaussian Ising,I-BP,293.59052924791087,1.038505947660575e-06,1e-10,10385.05947660575
Non-Gaussian Ising,I-BP,296.899721448468,1.0045750757712421e-06,1e-10,10045.750757712422
Non-Gaussian Ising,I-BP,300.2089136490251,9.690703066664936e-07,1e-10,9690.703066664935
Non-Gaussian Ising,I-BP,303.5181058495822,9.347396346003827e-07,1e-10,9347.396346003827
Non-Gaussian Ising,I-BP,306.8272980501393,9.008823502664832e-07,1e-10,9008.82350266483
Non-Gaussian Ising,I-BP,310.1364902506964,8.66107195114521e-07,1e-10,8661.07195114521
Non-Gaussian Ising,I-BP,313.4456824512535,8.32906817055675e-07,1e-10,8329.06817055675
Non-Gaussian Ising,I-BP,316.7548746518106,7.994522351800905e-07,1e-10,7994.522351800905
Non-Gaussian Ising,I-BP,320.0640668523677,7.659761191495438e-07,1e-10,7659.761191495438
Non-Gaussian Ising,I-BP,323.3732590529248,7.339017758518462e-07,1e-10,7339.017758518461
Non-Gaussian Ising,I-BP,326.68245125348193,7.00577005282056e-07,1e-10,7005.77005282056
Non-Gaussian Ising,I-BP,329.99164345403904,6.681883088068284e-07,1e-10,6681.8830880682835
Non-Gaussian Ising,I-BP,333.30083565459614,6.369726820787774e-07,1e-10,6369.726820787773
Non-Gaussian Ising,I-BP,336.61002785515325,6.041324261251935e-07,1e-10,6041.324261251935
Non-Gaussian Ising,I-BP,339.91922005571035,5.729853077918563e-07,1e-10,5729.853077918563
Non-Gaussian Ising,I-BP,343.2284122562674,5.420214921445553e-07,1e-10,5420.214921445552
Non-Gaussian Ising,I-BP,346.5376044568245,5.104595779763816e-07,1e-10,5104.595779763816
Non-Gaussian Ising,I-BP,349.8467966573816,4.807355142263117e-07,1e-10,4807.355142263117
Non-Gaussian Ising,I-BP,353.1559888579387,4.50008303730074e-07,1e-10,4500.083037300739
Non-Gaussian Ising,I-BP,356.46518105849583,4.1970515264917233e-07,1e-10,4197.051526491723
Non-Gaussian Ising,I-BP,359.77437325905294,3.9144258828149365e-07,1e-10,3914.4258828149364
Non-Gaussian Ising,I-BP,363.08356545961004,3.6073509426961517e-07,1e-10,3607.3509426961514
Non-Gaussian Ising,I-BP,366.39275766016715,3.32145195677763e-07,1e-10,3321.4519567776297
Non-Gaussian Ising,I-BP,369.70194986072426,3.045839152436617e-07,1e-10,3045.8391524366166
Non-Gaussian Ising,I-BP,373.01114206128136,2.7513549407577983e-07,1e-10,2751.354940757798
Non-Gaussian Ising,I-BP,376.32033426183847,2.48534266951573e-07,1e-10,2485.34266951573
Non-Gaussian Ising,I-BP,379.6295264623956,2.2104317317946658e-07,1e-10,2210.4317317946657
Non-Gaussian Ising,I-BP,382.9387186629527,1.9346903059120417e-07,1e-10,1934.6903059120416
Non-Gaussian Ising,I-BP,386.2479108635098,1.693346383853727e-07,1e-10,1693.346383853727
Non-Gaussian Ising,I-BP,389.5571030640669,1.4108401126156148e-07,1e-10,1410.8401126156148
Non-Gaussian Ising,I-BP,392.866295264624,1.1585505371743286e-07,1e-10,1158.5505371743286
Non-Gaussian Ising,I-BP,396.1754874651811,9.408284192852874e-08,1e-10,940.8284192852874
Non-Gaussian Ising,I-BP,399.4846796657382,6.261036562906824e-08,1e-10,626.1036562906824
Non-Gaussian Ising,I-BP,402.79387186629526,4.166602330299041e-08,1e-10,416.6602330299041
Non-Gaussian Ising,I-BP,406.10306406685237,3.2177409669437646e-08,1e-10,321.77409669437645
Non-Gaussian Ising,I-BP,409.4122562674095,3.346466925645432e-08,1e-10,334.6466925645432
Non-Gaussian Ising,I-BP,412.7214484679666,3.3955957136569524e-08,1e-10,339.5595713656952
Non-Gaussian Ising,I-BP,416.0306406685237,4.235155017302861e-08,1e-10,423.5155017302861
Non-Gaussian Ising,I-BP,419.3398328690808,6.043052573208384e-08,1e-10,604.3052573208385
Non-Gaussian Ising,I-BP,422.6490250696379,8.62270312500085e-08,1e-10,862.270312500085
Non-Gaussian Ising,I-BP,425.958217270195,8.930942957365995e-08,1e-10,893.0942957365994
Non-Gaussian Ising,I-BP,429.2674094707521,8.9052039602572e-08,1e-10,890.5203960257201
Non-Gaussian Ising,I-BP,432.5766016713092,8.879550045721047e-08,1e-10,887.9550045721047
Non-Gaussian Ising,I-BP,435.8857938718663,8.854021555191866e-08,1e-10,885.4021555191865
Non-Gaussian Ising,I-BP,439.19498607242343,8.828566458452384e-08,1e-10,882.8566458452384
Non-Gaussian Ising,I-BP,442.50417827298054,8.803194455530757e-08,1e-10,880.3194455530758
Non-Gaussian Ising,I-BP,445.81337047353765,8.7779072270934e-08,1e-10,877.79072270934
Non-Gaussian Ising,I-BP,449.12256267409475,8.752692636370162e-08,1e-10,875.2692636370163
Non-Gaussian Ising,I-BP,452.43175487465186,8.722342003204373e-08,1e-10,872.2342003204373
Non-Gaussian Ising,I-BP,455.74094707520896,8.69022454515088e-08,1e-10,869.022454515088
Non-Gaussian Ising,I-BP,459.05013927576607,8.658120995758078e-08,1e-10,865.8120995758078
Non-Gaussian Ising,I-BP,462.3593314763232,8.619380751084677e-08,1e-10,861.9380751084677
Non-Gaussian Ising,I-BP,465.6685236768802,8.580813847319569e-08,1e-10,858.0813847319569
Non-Gaussian Ising,I-BP,468.97771587743733,8.54043089549815e-08,1e-10,854.0430895498149
Non-Gaussian Ising,I-BP,472.28690807799444,8.495520091869426e-08,1e-10,849.5520091869425
Non-Gaussian Ising,I-BP,475.59610027855155,8.450845456685508e-08,1e-10,845.0845456685507
Non-Gaussian Ising,I-BP,478.90529247910865,8.402602334026067e-08,1e-10,840.2602334026067
Non-Gaussian Ising,I-BP,482.21448467966576,8.351849193594465e-08,1e-10,835.1849193594464
Non-Gaussian Ising,I-BP,485.52367688022287,8.301402610722207e-08,1e-10,830.1402610722207
Non-Gaussian Ising,I-BP,488.83286908078,8.245697619425467e-08,1e-10,824.5697619425467
Non-Gaussian Ising,I-BP,492.1420612813371,8.189437677734026e-08,1e-10,818.9437677734026
Non-Gaussian Ising,I-BP,495.4512534818942,8.132684206441506e-08,1e-10,813.2684206441506
Non-Gaussian Ising,I-BP,498.7604456824513,8.070807941350049e-08,1e-10,807.0807941350048
Non-Gaussian Ising,I-BP,502.0696378830084,8.00940245221455e-08,1e-10,800.940245221455
Non-Gaussian Ising,I-BP,505.3788300835655,7.94581488612122e-08,1e-10,794.581488612122
Non-Gaussian Ising,I-BP,508.6880222841226,7.879054087138053e-08,1e-10,787.9054087138053
Non-Gaussian Ising,I-BP,511.9972144846797,7.81285421291147e-08,1e-10,781.285421291147
Non-Gaussian Ising,I-BP,515.3064066852369,7.742831871114655e-08,1e-10,774.2831871114654
Non-Gaussian Ising,I-BP,518.6155988857939,7.671551155187253e-08,1e-10,767.1551155187253
Non-Gaussian Ising,I-BP,521.924791086351,7.60092665142456e-08,1e-10,760.092665142456
Non-Gaussian Ising,I-BP,525.2339832869081,7.524889239700648e-08,1e-10,752.4889239700648
Non-Gaussian Ising,I-BP,528.5431754874652,7.449472949866625e-08,1e-10,744.9472949866624
Non-Gaussian Ising,I-BP,531.8523676880224,7.37321723181512e-08,1e-10,737.321723181512
Non-Gaussian Ising,I-BP,535.1615598885794,7.293192948326513e-08,1e-10,729.3192948326513
Non-Gaussian Ising,I-BP,538.4707520891366,7.214037198307982e-08,1e-10,721.4037198307982
Non-Gaussian Ising,I-BP,541.7799442896936,7.132447669722469e-08,1e-10,713.2447669722469
Non-Gaussian Ising,I-BP,545.0891364902508,7.04898500245739e-08,1e-10,704.898500245739
Non-Gaussian Ising,I-BP,548.3983286908078,6.966499000868608e-08,1e-10,696.6499000868608
Non-Gaussian Ising,I-BP,551.707520891365,6.880024763879999e-08,1e-10,688.0024763879999
Non-Gaussian Ising,I-BP,555.016713091922,6.793537290405029e-08,1e-10,679.3537290405028
Non-Gaussian Ising,I-BP,558.3259052924791,6.707538660933163e-08,1e-10,670.7538660933163
Non-Gaussian Ising,I-BP,561.6350974930363,6.617223046488738e-08,1e-10,661.7223046488738
Non-Gaussian Ising,I-BP,564.9442896935933,6.52812351302795e-08,1e-10,652.8123513027949
Non-Gaussian Ising,I-BP,568.2534818941505,6.437943439814864e-08,1e-10,643.7943439814863
Non-Gaussian Ising,I-BP,571.5626740947075,6.345322900587271e-08,1e-10,634.5322900587271
Non-Gaussian Ising,I-BP,574.8718662952647,6.254034862082461e-08,1e-10,625.4034862082461
Non-Gaussian Ising,I-BP,578.1810584958217,6.160127887583956e-08,1e-10,616.0127887583956
Non-Gaussian Ising,I-BP,581.4902506963789,6.065628545001934e-08,1e-10,606.5628545001933
Non-Gaussian Ising,I-BP,584.799442896936,5.972578868061828e-08,1e-10,597.2578868061828
Non-Gaussian Ising,I-BP,588.1086350974931,5.8754012618457535e-08,1e-10,587.5401261845753
Non-Gaussian Ising,I-BP,591.4178272980502,5.779452395060913e-08,1e-10,577.9452395060913
Non-Gaussian Ising,I-BP,594.7270194986073,5.6837583512374675e-08,1e-10,568.3758351237467
Non-Gaussian Ising,I-BP,598.0362116991644,5.5850681948516106e-08,1e-10,558.506819485161
Non-Gaussian Ising,I-BP,601.3454038997215,5.488091648785835e-08,1e-10,548.8091648785835
Non-Gaussian Ising,I-BP,604.6545961002786,5.389831065597136e-08,1e-10,538.9831065597136
Non-Gaussian Ising,I-BP,607.9637883008357,5.2904166210831955e-08,1e-10,529.0416621083195
Non-Gaussian Ising,I-BP,611.2729805013928,5.1928358577473356e-08,1e-10,519.2835857747335
Non-Gaussian Ising,I-BP,614.5821727019498,5.0924509767255606e-08,1e-10,509.245097672556
Non-Gaussian Ising,I-BP,617.891364902507,4.992736207020851e-08,1e-10,499.27362070208505
Non-Gaussian Ising,I-BP,621.200557103064,4.8946104998065864e-08,1e-10,489.46104998065863
Non-Gaussian Ising,I-BP,624.5097493036212,4.792894066319885e-08,1e-10,479.28940663198847
Non-Gaussian Ising,I-BP,627.8189415041783,4.693291433888787e-08,1e-10,469.32914338887866
Non-Gaussian Ising,I-BP,631.1281337047354,4.593719621022763e-08,1e-10,459.37196210227626
Non-Gaussian Ising,I-BP,634.4373259052925,4.493754106813645e-08,1e-10,449.3754106813645
Non-Gaussian Ising,I-BP,637.7465181058496,4.3964541914706796e-08,1e-10,439.64541914706797
Non-Gaussian Ising,I-BP,641.0557103064067,4.297611057333469e-08,1e-10,429.7611057333469
Non-Gaussian Ising,I-BP,644.3649025069639,4.198816085208959e-08,1e-10,419.8816085208959
Non-Gaussian Ising,I-BP,647.6740947075209,4.102292246136481e-08,1e-10,410.22922461364806
Non-Gaussian Ising,I-BP,650.9832869080781,4.0026899651254254e-08,1e-10,400.2689965125425
Non-Gaussian Ising,I-BP,654.2924791086351,3.904941755149073e-08,1e-10,390.4941755149073
Non-Gaussian Ising,I-BP,657.6016713091923,3.8085034864612624e-08,1e-10,380.85034864612624
Non-Gaussian Ising,I-BP,660.9108635097493,3.7097231909265426e-08,1e-10,370.97231909265423
Non-Gaussian Ising,I-BP,664.2200557103065,3.6135049376272005e-08,1e-10,361.35049376272
Non-Gaussian Ising,I-BP,667.5292479108635,3.51709603627345e-08,1e-10,351.70960362734496
Non-Gaussian Ising,I-BP,670.8384401114207,3.420218665022282e-08,1e-10,342.0218665022282
Non-Gaussian Ising,I-BP,674.1476323119778,3.326009752341413e-08,1e-10,332.6009752341413
Non-Gaussian Ising,I-BP,677.4568245125348,3.230391632464125e-08,1e-10,323.03916324641244
Non-Gaussian Ising,I-BP,680.766016713092,3.1361742626400184e-08,1e-10,313.61742626400184
Non-Gaussian Ising,I-BP,684.075208913649,3.044567807476855e-08,1e-10,304.45678074768546
Non-Gaussian Ising,I-BP,687.3844011142062,2.94992294173918e-08,1e-10,294.99229417391797
Non-Gaussian Ising,I-BP,690.6935933147632,2.8582202507786616e-08,1e-10,285.82202507786616
Non-Gaussian Ising,I-BP,694.0027855153204,2.7674061563771617e-08,1e-10,276.74061563771613
Non-Gaussian Ising,I-BP,697.3119777158774,2.675113119767949e-08,1e-10,267.5113119767949
Non-Gaussian Ising,I-BP,700.6211699164346,2.58589805730681e-08,1e-10,258.589805730681
Non-Gaussian Ising,I-BP,703.9303621169917,2.4957740220288928e-08,1e-10,249.57740220288926
Non-Gaussian Ising,I-BP,707.2395543175488,2.4061167674870873e-08,1e-10,240.61167674870873
Non-Gaussian Ising,I-BP,710.5487465181059,2.3207969530805616e-08,1e-10,232.07969530805616
Non-Gaussian Ising,I-BP,713.857938718663,2.2329948341224068e-08,1e-10,223.29948341224068
Non-Gaussian Ising,I-BP,717.1671309192201,2.1476328186604166e-08,1e-10,214.76328186604164
Non-Gaussian Ising,I-BP,720.4763231197772,2.0644939807965085e-08,1e-10,206.44939807965085
Non-Gaussian Ising,I-BP,723.7855153203343,1.9786381333712937e-08,1e-10,197.86381333712936
Non-Gaussian Ising,I-BP,727.0947075208915,1.8963527621042405e-08,1e-10,189.63527621042405
Non-Gaussian Ising,I-BP,730.4038997214485,1.814300858908394e-08,1e-10,181.4300858908394
Non-Gaussian Ising,I-BP,733.7130919220057,1.7316677104828313e-08,1e-10,173.16677104828312
Non-Gaussian Ising,I-BP,737.0222841225627,1.6527981259585884e-08,1e-10,165.27981259585883
Non-Gaussian Ising,I-BP,740.3314763231198,1.5719693169354926e-08,1e-10,157.19693169354926
Non-Gaussian Ising,I-BP,743.6406685236769,1.4928847642115512e-08,1e-10,149.2884764211551
Non-Gaussian Ising,I-BP,746.949860724234,1.4177788937762304e-08,1e-10,141.77788937762304
Non-Gaussian Ising,I-BP,750.2590529247911,1.3382451503740107e-08,1e-10,133.82451503740106
Non-Gaussian Ising,I-BP,753.5682451253482,1.2630542448195867e-08,1e-10,126.30542448195867
Non-Gaussian Ising,I-BP,756.8774373259054,1.1895727187627665e-08,1e-10,118.95727187627664
Non-Gaussian Ising,I-BP,760.1866295264624,1.1138268161359033e-08,1e-10,111.38268161359032
Non-Gaussian Ising,I-BP,763.4958217270196,1.0429040249290134e-08,1e-10,104.29040249290134
Non-Gaussian Ising,I-BP,766.8050139275766,9.708289108675147e-09,1e-10,97.08289108675147
Non-Gaussian Ising,I-BP,770.1142061281338,8.993611595907641e-09,1e-10,89.9361159590764
Non-Gaussian Ising,I-BP,773.4233983286908,8.331545201488386e-09,1e-10,83.31545201488386
Non-Gaussian Ising,I-BP,776.732590529248,7.622053111005928e-09,1e-10,76.22053111005928
Non-Gaussian Ising,I-BP,780.041782729805,6.954556489717325e-09,1e-10,69.54556489717325
Non-Gaussian Ising,I-BP,783.3509749303622,6.32968482546531e-09,1e-10,63.2968482546531
Non-Gaussian Ising,I-BP,786.6601671309193,5.640936792897456e-09,1e-10,56.40936792897456
Non-Gaussian Ising,I-BP,789.9693593314764,5.0271330688451665e-09,1e-10,50.27133068845166
Non-Gaussian Ising,I-BP,793.2785515320335,4.400084567634e-09,1e-10,44.00084567634
Non-Gaussian Ising,I-BP,796.5877437325905,3.749709261268143e-09,1e-10,37.49709261268143
Non-Gaussian Ising,I-BP,799.8969359331477,3.195465752514033e-09,1e-10,31.954657525140327
Non-Gaussian Ising,I-BP,803.2061281337047,2.54034120437874e-09,1e-10,25.403412043787398
Non-Gaussian Ising,I-BP,806.5153203342619,1.950565750868634e-09,1e-10,19.50565750868634
Non-Gaussian Ising,I-BP,809.824512534819,1.497714851022241e-09,1e-10,14.97714851022241
Non-Gaussian Ising,I-BP,813.1337047353761,9.222505741464661e-10,1e-10,9.22250574146466
Non-Gaussian Ising,I-BP,816.4428969359332,5.489588671964193e-10,1e-10,5.489588671964193
Non-Gaussian Ising,I-BP,819.7520891364903,4.1557792667586067e-10,1e-10,4.155779266758606
Non-Gaussian Ising,I-BP,823.0612813370474,7.22757389680486e-10,1e-10,7.22757389680486
Non-Gaussian Ising,I-BP,826.3704735376045,1.2569922770349616e-09,1e-10,12.569922770349615
Non-Gaussian Ising,I-BP,829.6796657381616,3.2036776238959863e-09,1e-10,32.03677623895986
Non-Gaussian Ising,I-BP,832.9888579387188,1.1830051219163572e-08,1e-10,118.30051219163572
Non-Gaussian Ising,I-BP,836.2980501392758,4.368420555306502e-08,1e-10,436.84205553065016
Non-Gaussian Ising,I-BP,839.607242339833,4.236914118576588e-08,1e-10,423.6914118576588
Non-Gaussian Ising,I-BP,842.91643454039,2.8671875599740418e-08,1e-10,286.7187559974042
Non-Gaussian Ising,I-BP,846.2256267409472,1.974712148902799e-08,1e-10,197.4712148902799
Non-Gaussian Ising,I-BP,849.5348189415042,1.7297443968717315e-08,1e-10,172.97443968717315
Non-Gaussian Ising,I-BP,852.8440111420614,1.5151654787618405e-08,1e-10,151.51654787618403
Non-Gaussian Ising,I-BP,856.1532033426184,1.3404118830616789e-08,1e-10,134.04118830616787
Non-Gaussian Ising,I-BP,859.4623955431755,1.2079688334035674e-08,1e-10,120.79688334035674
Non-Gaussian Ising,I-BP,862.7715877437327,1.0886121802661071e-08,1e-10,108.86121802661071
Non-Gaussian Ising,I-BP,866.0807799442897,9.826947142070104e-09,1e-10,98.26947142070104
Non-Gaussian Ising,I-BP,869.3899721448469,8.879608469327614e-09,1e-10,88.79608469327613
Non-Gaussian Ising,I-BP,872.6991643454039,8.023595266021243e-09,1e-10,80.23595266021243
Non-Gaussian Ising,I-BP,876.0083565459611,7.466806125863277e-09,1e-10,74.66806125863276
Non-Gaussian Ising,I-BP,879.3175487465181,6.9691498574242405e-09,1e-10,69.6914985742424
Non-Gaussian Ising,I-BP,882.6267409470753,6.526951205789753e-09,1e-10,65.26951205789753
Non-Gaussian Ising,I-BP,885.9359331476323,6.2029666325741544e-09,1e-10,62.029666325741545
Non-Gaussian Ising,I-BP,889.2451253481895,5.895063994150473e-09,1e-10,58.950639941504726
Non-Gaussian Ising,I-BP,892.5543175487466,5.627555099605868e-09,1e-10,56.275550996058676
Non-Gaussian Ising,I-BP,895.8635097493037,5.399378105565251e-09,1e-10,53.99378105565251
Non-Gaussian Ising,I-BP,899.1727019498608,5.1804528628958586e-09,1e-10,51.804528628958586
Non-Gaussian Ising,I-BP,902.4818941504179,5.00288994822407e-09,1e-10,50.0288994822407
Non-Gaussian Ising,I-BP,905.791086350975,4.841916012861377e-09,1e-10,48.41916012861377
Non-Gaussian Ising,I-BP,909.1002785515321,4.688861898378286e-09,1e-10,46.888618983782855
Non-Gaussian Ising,I-BP,912.4094707520892,4.626387668917417e-09,1e-10,46.26387668917417
Non-Gaussian Ising,I-BP,915.7186629526464,4.416187825843215e-09,1e-10,44.16187825843215
Non-Gaussian Ising,I-BP,919.0278551532034,3.985232999002229e-09,1e-10,39.852329990022284
Non-Gaussian Ising,I-BP,922.3370473537605,3.5968123974383164e-09,1e-10,35.96812397438316
Non-Gaussian Ising,I-BP,925.6462395543176,3.246249196873792e-09,1e-10,32.462491968737915
Non-Gaussian Ising,I-BP,928.9554317548747,3.0094632648930323e-09,1e-10,30.09463264893032
Non-Gaussian Ising,I-BP,932.2646239554318,2.8422145674372122e-09,1e-10,28.42214567437212
Non-Gaussian Ising,I-BP,935.5738161559889,2.6842605927736627e-09,1e-10,26.842605927736624
Non-Gaussian Ising,I-BP,938.883008356546,2.6667890888917905e-09,1e-10,26.667890888917903
Non-Gaussian Ising,I-BP,942.1922005571031,2.6693423245641053e-09,1e-10,26.693423245641053
Non-Gaussian Ising,I-BP,945.5013927576603,2.6680767242640085e-09,1e-10,26.680767242640083
Non-Gaussian Ising,I-BP,948.8105849582173,2.6455234251836192e-09,1e-10,26.455234251836192
Non-Gaussian Ising,I-BP,952.1197771587745,2.6231607695336875e-09,1e-10,26.231607695336873
Non-Gaussian Ising,I-BP,955.4289693593315,2.595850946935772e-09,1e-10,25.95850946935772
Non-Gaussian Ising,I-BP,958.7381615598887,2.5621529394298093e-09,1e-10,25.62152939429809
Non-Gaussian Ising,I-BP,962.0473537604457,2.5288923821985776e-09,1e-10,25.288923821985776
Non-Gaussian Ising,I-BP,965.3565459610029,2.492297561996858e-09,1e-10,24.92297561996858
Non-Gaussian Ising,I-BP,968.66573816156,2.454733475360338e-09,1e-10,24.547334753603376
Non-Gaussian Ising,I-BP,971.9749303621171,2.417735557317148e-09,1e-10,24.17735557317148
Non-Gaussian Ising,I-BP,975.2841225626742,2.365925654303735e-09,1e-10,23.659256543037348
Non-Gaussian Ising,I-BP,978.5933147632312,2.3151115539842543e-09,1e-10,23.151115539842543
Non-Gaussian Ising,I-BP,981.9025069637884,2.247982335998167e-09,1e-10,22.479823359981673
Non-Gaussian Ising,I-BP,985.2116991643454,2.1802150396420756e-09,1e-10,21.802150396420757
Non-Gaussian Ising,I-BP,988.5208913649026,2.114490644772287e-09,1e-10,21.14490644772287
Non-Gaussian Ising,I-BP,991.8300835654596,2.067834006622845e-09,1e-10,20.67834006622845
Non-Gaussian Ising,I-BP,995.1392757660168,2.0254492073399173e-09,1e-10,20.254492073399174
Non-Gaussian Ising,I-BP,998.4484679665738,1.9671244722769552e-09,1e-10,19.67124472276955
Non-Gaussian Ising,I-BP,1001.757660167131,1.905730892172229e-09,1e-10,19.05730892172229
Non-Gaussian Ising,I-BP,1005.066852367688,1.845334733770896e-09,1e-10,18.45334733770896
Non-Gaussian Ising,I-BP,1008.3760445682452,1.7864926558813726e-09,1e-10,17.864926558813725
Non-Gaussian Ising,I-BP,1011.6852367688023,1.7268109235415528e-09,1e-10,17.268109235415526
Non-Gaussian Ising,I-BP,1014.9944289693594,1.6691229912676574e-09,1e-10,16.691229912676572
Non-Gaussian Ising,I-BP,1018.3036211699165,1.612905885285818e-09,1e-10,16.12905885285818
Non-Gaussian Ising,I-BP,1021.6128133704736,1.5579039951196489e-09,1e-10,15.579039951196489
Non-Gaussian Ising,I-BP,1024.9220055710307,1.5047777307723572e-09,1e-10,15.047777307723571
Non-Gaussian Ising,I-BP,1028.2311977715879,1.452578684895323e-09,1e-10,14.52578684895323
Non-Gaussian Ising,I-BP,1031.540389972145,1.4017780576612367e-09,1e-10,14.017780576612367
Non-Gaussian Ising,I-BP,1034.849582172702,1.3527540665255735e-09,1e-10,13.527540665255733
Non-Gaussian Ising,I-BP,1038.1587743732591,1.3063507647033734e-09,1e-10,13.063507647033733
Non-Gaussian Ising,I-BP,1041.4679665738163,1.261580914448661e-09,1e-10,12.615809144486608
Non-Gaussian Ising,I-BP,1044.7771587743732,1.2184217995312084e-09,1e-10,12.184217995312084
Non-Gaussian Ising,I-BP,1048.0863509749304,1.1769797033661597e-09,1e-10,11.769797033661597
Non-Gaussian Ising,I-BP,1051.3955431754875,1.136947174343794e-09,1e-10,11.36947174343794
Non-Gaussian Ising,I-BP,1054.7047353760447,1.0982887702437408e-09,1e-10,10.982887702437408
Non-Gaussian Ising,I-BP,1058.0139275766016,1.0609561926738957e-09,1e-10,10.609561926738957
Non-Gaussian Ising,I-BP,1061.3231197771588,1.0248926086381414e-09,1e-10,10.248926086381413
Non-Gaussian Ising,I-BP,1064.632311977716,9.90234512303851e-10,1e-10,9.90234512303851
Non-Gaussian Ising,I-BP,1067.9415041782731,9.567930587273768e-10,1e-10,9.567930587273768
Non-Gaussian Ising,I-BP,1071.25069637883,9.245481753188788e-10,1e-10,9.245481753188788
Non-Gaussian Ising,I-BP,1074.5598885793872,8.94182692608202e-10,1e-10,8.941826926082019
Non-Gaussian Ising,I-BP,1077.8690807799444,8.648145214112684e-10,1e-10,8.648145214112683
Non-Gaussian Ising,I-BP,1081.1782729805016,8.365399155008157e-10,1e-10,8.365399155008157
Non-Gaussian Ising,I-BP,1084.4874651810585,8.094154664010527e-10,1e-10,8.094154664010526
Non-Gaussian Ising,I-BP,1087.7966573816157,7.831705159663625e-10,1e-10,7.831705159663624
Non-Gaussian Ising,I-BP,1091.1058495821728,7.578066932933239e-10,1e-10,7.578066932933239
Non-Gaussian Ising,I-BP,1094.41504178273,7.332809745722759e-10,1e-10,7.332809745722759
Non-Gaussian Ising,I-BP,1097.724233983287,7.095490082475942e-10,1e-10,7.095490082475942
Non-Gaussian Ising,I-BP,1101.033426183844,6.861334186378474e-10,1e-10,6.861334186378474
Non-Gaussian Ising,I-BP,1104.3426183844012,6.63450865991925e-10,1e-10,6.634508659919249
Non-Gaussian Ising,I-BP,1107.6518105849582,6.412821991338763e-10,1e-10,6.412821991338763
Non-Gaussian Ising,I-BP,1110.9610027855153,6.189252787364782e-10,1e-10,6.189252787364782
Non-Gaussian Ising,I-BP,1114.2701949860725,5.973477841368524e-10,1e-10,5.973477841368524
Non-Gaussian Ising,I-BP,1117.5793871866297,5.758777927838764e-10,1e-10,5.758777927838764
Non-Gaussian Ising,I-BP,1120.8885793871866,5.544995041037315e-10,1e-10,5.544995041037314
Non-Gaussian Ising,I-BP,1124.1977715877438,5.339148407944829e-10,1e-10,5.339148407944829
Non-Gaussian Ising,I-BP,1127.506963788301,5.132300092701918e-10,1e-10,5.132300092701918
Non-Gaussian Ising,I-BP,1130.816155988858,4.930809701106869e-10,1e-10,4.930809701106869
Non-Gaussian Ising,I-BP,1134.125348189415,4.736601857626282e-10,1e-10,4.736601857626281
Non-Gaussian Ising,I-BP,1137.4345403899722,4.5347514501454877e-10,1e-10,4.534751450145487
Non-Gaussian Ising,I-BP,1140.7437325905294,4.341502902864212e-10,1e-10,4.341502902864212
Non-Gaussian Ising,I-BP,1144.0529247910865,4.1509613810521176e-10,1e-10,4.1509613810521175
Non-Gaussian Ising,I-BP,1147.3621169916435,3.9574797077570445e-10,1e-10,3.9574797077570443
Non-Gaussian Ising,I-BP,1150.6713091922006,3.773016465245712e-10,1e-10,3.7730164652457114
Non-Gaussian Ising,I-BP,1153.9805013927578,3.588380555721877e-10,1e-10,3.588380555721877
Non-Gaussian Ising,I-BP,1157.289693593315,3.4071951524094944e-10,1e-10,3.407195152409494
Non-Gaussian Ising,I-BP,1160.598885793872,3.2351582075350475e-10,1e-10,3.2351582075350476
Non-Gaussian Ising,I-BP,1163.908077994429,3.0556582581474325e-10,1e-10,3.0556582581474325
Non-Gaussian Ising,I-BP,1167.2172701949862,2.884020080628294e-10,1e-10,2.884020080628294
Non-Gaussian Ising,I-BP,1170.5264623955431,2.7187713759272577e-10,1e-10,2.7187713759272576
Non-Gaussian Ising,I-BP,1173.8356545961003,2.5468498361745014e-10,1e-10,2.546849836174501
Non-Gaussian Ising,I-BP,1177.1448467966575,2.385799756998641e-10,1e-10,2.3857997569986407
Non-Gaussian Ising,I-BP,1180.4540389972146,2.2267789235433768e-10,1e-10,2.226778923543377
Non-Gaussian Ising,I-BP,1183.7632311977716,2.0686867554064382e-10,1e-10,2.0686867554064383
Non-Gaussian Ising,I-BP,1187.0724233983287,1.9218184826288253e-10,1e-10,1.9218184826288252
Non-Gaussian Ising,I-BP,1190.381615598886,1.7690078469499637e-10,1e-10,1.7690078469499637
Non-Gaussian Ising,I-BP,1193.690807799443,1.622516662004166e-10,1e-10,1.622516662004166
Non-Gaussian Ising,I-BP,1197.0,1.488156382697846e-10,1e-10,1.4881563826978461
Complex tensor network,BP,9.0,0.0005984812366245422,1e-10,5984812.366245422
Complex tensor network,BP,26.13649025069638,6.7977500293324006e-06,1e-10,67977.500293324
Complex tensor network,BP,43.27298050139276,6.856220557075627e-06,1e-10,68562.20557075627
Complex tensor network,BP,60.409470752089135,6.964151988827931e-06,1e-10,69641.5198882793
Complex tensor network,BP,77.54596100278552,7.095163733229979e-06,1e-10,70951.63733229978
Complex tensor network,BP,94.6824512534819,7.239500726183877e-06,1e-10,72395.00726183876
Complex tensor network,BP,111.81894150417827,7.39239584925608e-06,1e-10,73923.9584925608
Complex tensor network,BP,128.95543175487467,7.551438784118573e-06,1e-10,75514.38784118573
Complex tensor network,BP,146.09192200557104,7.715426848621148e-06,1e-10,77154.26848621147
Complex tensor network,BP,163.2284122562674,7.883703465888018e-06,1e-10,78837.03465888018
Complex tensor network,BP,180.3649025069638,8.055987467523628e-06,1e-10,80559.87467523628
Complex tensor network,BP,197.50139275766017,8.232157106416769e-06,1e-10,82321.57106416769
Complex tensor network,BP,214.63788300835654,8.412174233998059e-06,1e-10,84121.74233998058
Complex tensor network,BP,231.77437325905294,8.596046424483038e-06,1e-10,85960.46424483038
Complex tensor network,BP,248.9108635097493,8.783805765675818e-06,1e-10,87838.05765675817
Complex tensor network,BP,266.0473537604457,8.975485285889267e-06,1e-10,89754.85285889267
Complex tensor network,BP,283.18384401114207,9.171132006391175e-06,1e-10,91711.32006391176
Complex tensor network,BP,300.32033426183847,9.370797202751212e-06,1e-10,93707.97202751212
Complex tensor network,BP,317.4568245125348,9.57453528324065e-06,1e-10,95745.3528324065
Complex tensor network,BP,334.5933147632312,9.782387959272178e-06,1e-10,97823.87959272177
Complex tensor network,BP,351.7298050139276,9.994401563866612e-06,1e-10,99944.01563866613
Complex tensor network,BP,368.86629526462394,1.021062082759916e-05,1e-10,102106.2082759916
Complex tensor network,BP,386.00278551532034,1.0431074389830044e-05,1e-10,104310.74389830044
Complex tensor network,BP,403.13927576601674,1.0655808393629044e-05,1e-10,106558.08393629044
Complex tensor network,BP,420.2757660167131,1.0884857804471755e-05,1e-10,108848.57804471753
Complex tensor network,BP,437.4122562674095,1.1118251613448368e-05,1e-10,111182.51613448368
Complex tensor network,BP,454.5487465181059,1.1356013938491414e-05,1e-10,113560.13938491415
Complex tensor network,BP,471.68523676880227,1.1598163544154385e-05,1e-10,115981.63544154384
Complex tensor network,BP,488.8217270194986,1.1844713327261202e-05,1e-10,118447.13327261202
Complex tensor network,BP,505.958217270195,1.2095646415008774e-05,1e-10,120956.46415008773
Complex tensor network,BP,523.0947075208913,1.2350976893484388e-05,1e-10,123509.76893484387
Complex tensor network,BP,540.2311977715877,1.2610700116524884e-05,1e-10,126107.00116524883
Complex tensor network,BP,557.3676880222841,1.287479913696712e-05,1e-10,128747.99136967119
Complex tensor network,BP,574.5041782729805,1.3143248013589073e-05,1e-10,131432.4801358907
Complex tensor network,BP,591.6406685236769,1.3416011087632548e-05,1e-10,134160.1108763255
Complex tensor network,BP,608.7771587743733,1.3693042223969336e-05,1e-10,136930.42223969335
Complex tensor network,BP,625.9136490250696,1.3974244004013176e-05,1e-10,139742.44004013174
Complex tensor network,BP,643.050139275766,1.4259570127660424e-05,1e-10,142595.70127660423
Complex tensor network,BP,660.1866295264624,1.4548946400791001e-05,1e-10,145489.46400791002
Complex tensor network,BP,677.3231197771588,1.4842275678600842e-05,1e-10,148422.75678600842
Complex tensor network,BP,694.4596100278552,1.5139445979550987e-05,1e-10,151394.45979550987
Complex tensor network,BP,711.5961002785516,1.5440329530151075e-05,1e-10,154403.29530151075
Complex tensor network,BP,728.7325905292479,1.574478178463827e-05,1e-10,157447.8178463827
Complex tensor network,BP,745.8690807799443,1.6052575304476653e-05,1e-10,160525.75304476652
Complex tensor network,BP,763.0055710306407,1.636356323817123e-05,1e-10,163635.6323817123
Complex tensor network,BP,780.1420612813371,1.667756223483691e-05,1e-10,166775.6223483691
Complex tensor network,BP,797.2785515320335,1.6994349344080906e-05,1e-10,169943.49344080905
Complex tensor network,BP,814.4150417827299,1.7313679654730884e-05,1e-10,173136.79654730883
Complex tensor network,BP,831.5515320334262,1.763528526639577e-05,1e-10,176352.85266395772
Complex tensor network,BP,848.6880222841226,1.7958874278862793e-05,1e-10,179588.74278862792
Complex tensor network,BP,865.824512534819,1.8284028668998805e-05,1e-10,182840.28668998805
Complex tensor network,BP,882.9610027855153,1.8610452716370552e-05,1e-10,186104.52716370553
Complex tensor network,BP,900.0974930362117,1.8937811280942377e-05,1e-10,189378.11280942376
Complex tensor network,BP,917.2339832869081,1.9265705648295817e-05,1e-10,192657.05648295817
Complex tensor network,BP,934.3704735376045,1.9593708670570438e-05,1e-10,195937.08670570437
Complex tensor network,BP,951.5069637883008,1.992136412080106e-05,1e-10,199213.6412080106
Complex tensor network,BP,968.6434540389972,2.0248186161195065e-05,1e-10,202481.86161195065
Complex tensor network,BP,985.7799442896936,2.0573509305942832e-05,1e-10,205735.09305942833
Complex tensor network,BP,1002.91643454039,2.0896847143224938e-05,1e-10,208968.47143224938
Complex tensor network,BP,1020.0529247910864,2.1217686265901654e-05,1e-10,212176.86265901654
Complex tensor network,BP,1037.1894150417827,2.1535418502655744e-05,1e-10,215354.18502655745
Complex tensor network,BP,1054.325905292479,2.184940582062948e-05,1e-10,218494.05820629478
Complex tensor network,BP,1071.4623955431755,2.2158980905745386e-05,1e-10,221589.80905745385
Complex tensor network,BP,1088.598885793872,2.246344800100282e-05,1e-10,224634.4800100282
Complex tensor network,BP,1105.7353760445683,2.2761874549801095e-05,1e-10,227618.74549801095
Complex tensor network,BP,1122.8718662952647,2.3053579944397546e-05,1e-10,230535.79944397547
Complex tensor network,BP,1140.008356545961,2.3337898476959387e-05,1e-10,233378.98476959387
Complex tensor network,BP,1157.1448467966575,2.3614033801507818e-05,1e-10,236140.33801507816
Complex tensor network,BP,1174.2813370473539,2.3881170032145285e-05,1e-10,238811.70032145284
Complex tensor network,BP,1191.4178272980503,2.4138474543590697e-05,1e-10,241384.74543590695
Complex tensor network,BP,1208.5543175487467,2.4385101140061168e-05,1e-10,243851.01140061166
Complex tensor network,BP,1225.6908077994428,2.4619919057391646e-05,1e-10,246199.19057391645
Complex tensor network,BP,1242.8272980501392,2.48421340205236e-05,1e-10,248421.340205236
Complex tensor network,BP,1259.9637883008356,2.5051051719942464e-05,1e-10,250510.51719942465
Complex tensor network,BP,1277.100278551532,2.524581090911375e-05,1e-10,252458.10909113748
Complex tensor network,BP,1294.2367688022284,2.5425558389442497e-05,1e-10,254255.58389442496
Complex tensor network,BP,1311.3732590529248,2.5589454297155147e-05,1e-10,255894.54297155145
Complex tensor network,BP,1328.5097493036212,2.5736677661171114e-05,1e-10,257366.77661171113
Complex tensor network,BP,1345.6462395543176,2.586609976813709e-05,1e-10,258660.99768137088
Complex tensor network,BP,1362.782729805014,2.59770089400133e-05,1e-10,259770.08940013297
Complex tensor network,BP,1379.9192200557104,2.606581500140712e-05,1e-10,260658.1500140712
Complex tensor network,BP,1397.0557103064068,2.6133729288236706e-05,1e-10,261337.29288236704
Complex tensor network,BP,1414.1922005571032,2.618118989789292e-05,1e-10,261811.8989789292
Complex tensor network,BP,1431.3286908077996,2.620762970738673e-05,1e-10,262076.2970738673
Complex tensor network,BP,1448.4651810584958,2.621254440051812e-05,1e-10,262125.4440051812
Complex tensor network,BP,1465.6016713091922,2.6195129997722252e-05,1e-10,261951.29997722252
Complex tensor network,BP,1482.7381615598886,2.615504959135553e-05,1e-10,261550.4959135553
Complex tensor network,BP,1499.874651810585,2.6092345140909566e-05,1e-10,260923.45140909564
Complex tensor network,BP,1517.0111420612814,2.60068199850422e-05,1e-10,260068.19985042198
Complex tensor network,BP,1534.1476323119778,2.5898364399204715e-05,1e-10,258983.64399204715
Complex tensor network,BP,1551.2841225626742,2.5766958651741147e-05,1e-10,257669.58651741146
Complex tensor network,BP,1568.4206128133706,2.5612675328773156e-05,1e-10,256126.75328773155
Complex tensor network,BP,1585.557103064067,2.5435317291616767e-05,1e-10,254353.17291616768
Complex tensor network,BP,1602.6935933147633,2.52351311711193e-05,1e-10,252351.311711193
Complex tensor network,BP,1619.8300835654597,2.5012854436826878e-05,1e-10,250128.54436826878
Complex tensor network,BP,1636.9665738161561,2.476894052795031e-05,1e-10,247689.4052795031
Complex tensor network,BP,1654.1030640668523,2.4503934258561392e-05,1e-10,245039.34258561392
Complex tensor network,BP,1671.2395543175487,2.421846895100752e-05,1e-10,242184.6895100752
Complex tensor network,BP,1688.376044568245,2.391326271596304e-05,1e-10,239132.6271596304
Complex tensor network,BP,1705.5125348189415,2.3588794380589386e-05,1e-10,235887.94380589385
Complex tensor network,BP,1722.649025069638,2.3245883771799583e-05,1e-10,232458.83771799583
Complex tensor network,BP,1739.7855153203343,2.2885871407618398e-05,1e-10,228858.71407618397
Complex tensor network,BP,1756.9220055710307,2.2509765579469175e-05,1e-10,225097.65579469173
Complex tensor network,BP,1774.058495821727,2.2118629484599988e-05,1e-10,221186.2948459999
Complex tensor network,BP,1791.1949860724235,2.1713573638844603e-05,1e-10,217135.73638844604
Complex tensor network,BP,1808.33147632312,2.12957479678999e-05,1e-10,212957.479678999
Complex tensor network,BP,1825.4679665738163,2.086608469765086e-05,1e-10,208660.8469765086
Complex tensor network,BP,1842.6044568245127,2.0425707392074633e-05,1e-10,204257.07392074633
Complex tensor network,BP,1859.740947075209,1.997620308288149e-05,1e-10,199762.0308288149
Complex tensor network,BP,1876.8774373259052,1.9518798925672673e-05,1e-10,195187.98925672672
Complex tensor network,BP,1894.0139275766016,1.9054720379750878e-05,1e-10,190547.20379750876
Complex tensor network,BP,1911.150417827298,1.8585183561527946e-05,1e-10,185851.83561527944
Complex tensor network,BP,1928.2869080779944,1.8111387972618028e-05,1e-10,181113.87972618028
Complex tensor network,BP,1945.4233983286908,1.763433717060612e-05,1e-10,176343.37170606118
Complex tensor network,BP,1962.5598885793872,1.715508747334914e-05,1e-10,171550.8747334914
Complex tensor network,BP,1979.6963788300836,1.667505269028703e-05,1e-10,166750.5269028703
Complex tensor network,BP,1996.83286908078,1.619530222946744e-05,1e-10,161953.0222946744
Complex tensor network,BP,2013.9693593314764,1.571685996080976e-05,1e-10,157168.5996080976
Complex tensor network,BP,2031.1058495821728,1.5240700337613214e-05,1e-10,152407.00337613214
Complex tensor network,BP,2048.242339832869,1.4767745160327596e-05,1e-10,147677.45160327596
Complex tensor network,BP,2065.3788300835654,1.4298753830354808e-05,1e-10,142987.5383035481
Complex tensor network,BP,2082.515320334262,1.3834452494239206e-05,1e-10,138344.52494239205
Complex tensor network,BP,2099.651810584958,1.3375816828964984e-05,1e-10,133758.16828964985
Complex tensor network,BP,2116.788300835655,1.2923536338003315e-05,1e-10,129235.36338003314
Complex tensor network,BP,2133.924791086351,1.2478240741736497e-05,1e-10,124782.40741736497
Complex tensor network,BP,2151.0612813370476,1.204050023123058e-05,1e-10,120405.00231230579
Complex tensor network,BP,2168.197771587744,1.161082617215985e-05,1e-10,116108.2617215985
Complex tensor network,BP,2185.3342618384404,1.1189611872161556e-05,1e-10,111896.11872161555
Complex tensor network,BP,2202.4707520891366,1.0777187685240119e-05,1e-10,107771.87685240118
Complex tensor network,BP,2219.6072423398327,1.0374049362923098e-05,1e-10,103740.49362923097
Complex tensor network,BP,2236.7437325905294,9.980485462686256e-06,1e-10,99804.85462686257
Complex tensor network,BP,2253.8802228412255,9.596734429863226e-06,1e-10,95967.34429863226
Complex tensor network,BP,2271.016713091922,9.222987057328825e-06,1e-10,92229.87057328825
Complex tensor network,BP,2288.1532033426183,8.859389079309636e-06,1e-10,88593.89079309636
Complex tensor network,BP,2305.289693593315,8.506012695723372e-06,1e-10,85060.12695723372
Complex tensor network,BP,2322.426183844011,8.162872970720984e-06,1e-10,81628.72970720983
Complex tensor network,BP,2339.5626740947077,7.830093345948002e-06,1e-10,78300.93345948002
Complex tensor network,BP,2356.699164345404,7.5076650869363194e-06,1e-10,75076.65086936319
Complex tensor network,BP,2373.8356545961005,7.19554825184265e-06,1e-10,71955.48251842649
Complex tensor network,BP,2390.9721448467967,6.893674403351928e-06,1e-10,68936.74403351928
Complex tensor network,BP,2408.1086350974933,6.601949253307563e-06,1e-10,66019.49253307562
Complex tensor network,BP,2425.2451253481895,6.320240332540459e-06,1e-10,63202.403325404586
Complex tensor network,BP,2442.3816155988857,6.0483766252917865e-06,1e-10,60483.76625291786
Complex tensor network,BP,2459.5181058495823,5.786258838812698e-06,1e-10,57862.588388126984
Complex tensor network,BP,2476.6545961002785,5.533712786110994e-06,1e-10,55337.12786110994
Complex tensor network,BP,2493.791086350975,5.290550268528818e-06,1e-10,52905.50268528818
Complex tensor network,BP,2510.9275766016713,5.056571071863043e-06,1e-10,50565.710718630435
Complex tensor network,BP,2528.064066852368,4.831564835575973e-06,1e-10,48315.64835575973
Complex tensor network,BP,2545.200557103064,4.6153061915848184e-06,1e-10,46153.061915848186
Complex tensor network,BP,2562.3370473537607,4.407549052333134e-06,1e-10,44075.49052333134
Complex tensor network,BP,2579.473537604457,4.208095431132133e-06,1e-10,42080.95431132133
Complex tensor network,BP,2596.6100278551535,4.0167098773223e-06,1e-10,40167.09877322299
Complex tensor network,BP,2613.7465181058496,3.833154333084238e-06,1e-10,38331.543330842374
Complex tensor network,BP,2630.8830083565463,3.657189270313661e-06,1e-10,36571.89270313661
Complex tensor network,BP,2648.0194986072424,3.488574718874634e-06,1e-10,34885.74718874634
Complex tensor network,BP,2665.1559888579386,3.327068492187995e-06,1e-10,33270.68492187995
Complex tensor network,BP,2682.2924791086352,3.1724200843587425e-06,1e-10,31724.200843587423
Complex tensor network,BP,2699.4289693593314,3.0244115140363325e-06,1e-10,30244.115140363323
Complex tensor network,BP,2716.565459610028,2.882808966843957e-06,1e-10,28828.089668439567
Complex tensor network,BP,2733.701949860724,2.7473819401796094e-06,1e-10,27473.819401796092
Complex tensor network,BP,2750.838440111421,2.61790373636294e-06,1e-10,26179.0373636294
Complex tensor network,BP,2767.974930362117,2.4941518863926255e-06,1e-10,24941.518863926256
Complex tensor network,BP,2785.1114206128136,2.3759075188847907e-06,1e-10,23759.075188847906
Complex tensor network,BP,2802.24791086351,2.2629505030941726e-06,1e-10,22629.505030941724
Complex tensor network,BP,2819.3844011142064,2.1550827643753805e-06,1e-10,21550.827643753804
Complex tensor network,BP,2836.5208913649026,2.0521015823170557e-06,1e-10,20521.015823170557
Complex tensor network,BP,2853.657381615599,1.953809756913849e-06,1e-10,19538.097569138492
Complex tensor network,BP,2870.7938718662954,1.8600157226575557e-06,1e-10,18600.157226575557
Complex tensor network,BP,2887.9303621169915,1.7705336264047878e-06,1e-10,17705.336264047877
Complex tensor network,BP,2905.066852367688,1.6851830727229464e-06,1e-10,16851.830727229462
Complex tensor network,BP,2922.2033426183843,1.6037857186080603e-06,1e-10,16037.857186080602
Complex tensor network,BP,2939.339832869081,1.5261781832681525e-06,1e-10,15261.781832681525
Complex tensor network,BP,2956.476323119777,1.4521975415496114e-06,1e-10,14521.975415496114
Complex tensor network,BP,2973.6128133704738,1.3816865695129862e-06,1e-10,13816.865695129862
Complex tensor network,BP,2990.74930362117,1.314493675724346e-06,1e-10,13144.93675724346
Complex tensor network,BP,3007.8857938718666,1.2504728183740066e-06,1e-10,12504.728183740064
Complex tensor network,BP,3025.0222841225627,1.1894833591355925e-06,1e-10,11894.833591355924
Complex tensor network,BP,3042.1587743732593,1.1313878373269269e-06,1e-10,11313.878373269268
Complex tensor network,BP,3059.2952646239555,1.0760589421899775e-06,1e-10,10760.589421899775
Complex tensor network,BP,3076.431754874652,1.023371716369263e-06,1e-10,10233.71716369263
Complex tensor network,BP,3093.5682451253483,9.73206190274499e-07,1e-10,9732.06190274499
Complex tensor network,BP,3110.7047353760445,9.254472480703459e-07,1e-10,9254.472480703458
Complex tensor network,BP,3127.841225626741,8.799844900069825e-07,1e-10,8799.844900069826
Complex tensor network,BP,3144.9777158774373,8.367120926028581e-07,1e-10,8367.120926028581
Complex tensor network,BP,3162.114206128134,7.955275372736697e-07,1e-10,7955.275372736696
Complex tensor network,BP,3179.25069637883,7.563350470558414e-07,1e-10,7563.350470558414
Complex tensor network,BP,3196.3871866295267,7.19041671689111e-07,1e-10,7190.41671689111
Complex tensor network,BP,3213.523676880223,6.835584481084683e-07,1e-10,6835.584481084683
Complex tensor network,BP,3230.6601671309195,6.498002845196048e-07,1e-10,6498.002845196048
Complex tensor network,BP,3247.7966573816157,6.17685821068187e-07,1e-10,6176.858210681869
Complex tensor network,BP,3264.9331476323123,5.871372924236708e-07,1e-10,5871.372924236707
Complex tensor network,BP,3282.0696378830085,5.580798581113617e-07,1e-10,5580.798581113617
Complex tensor network,BP,3299.2061281337046,5.304431439729314e-07,1e-10,5304.431439729314
Complex tensor network,BP,3316.3426183844012,5.041593913058903e-07,1e-10,5041.593913058903
Complex tensor network,BP,3333.4791086350974,4.791638776934169e-07,1e-10,4791.638776934169
Complex tensor network,BP,3350.615598885794,4.5539483026815094e-07,1e-10,4553.94830268151
Complex tensor network,BP,3367.75208913649,4.3279330586366203e-07,1e-10,4327.93305863662
Complex tensor network,BP,3384.888579387187,4.1130307397162685e-07,1e-10,4113.030739716269
Complex tensor network,BP,3402.025069637883,3.908702523678345e-07,1e-10,3908.7025236783447
Complex tensor network,BP,3419.1615598885796,3.714439748251604e-07,1e-10,3714.4397482516038
Complex tensor network,BP,3436.298050139276,3.5297550795621664e-07,1e-10,3529.7550795621664
Complex tensor network,BP,3453.4345403899724,3.3541837073373984e-07,1e-10,3354.183707337398
Complex tensor network,BP,3470.5710306406686,3.187282655633357e-07,1e-10,3187.2826556333566
Complex tensor network,BP,3487.707520891365,3.0286298294465595e-07,1e-10,3028.629829446559
Complex tensor network,BP,3504.8440111420614,2.8778230924314527e-07,1e-10,2877.8230924314526
Complex tensor network,BP,3521.9805013927576,2.7344782020065055e-07,1e-10,2734.4782020065054
Complex tensor network,BP,3539.116991643454,2.598231546807889e-07,1e-10,2598.2315468078887
Complex tensor network,BP,3556.2534818941504,2.468735854987133e-07,1e-10,2468.735854987133
Complex tensor network,BP,3573.389972144847,2.3456602663621846e-07,1e-10,2345.6602663621848
Complex tensor network,BP,3590.526462395543,2.2286897813587508e-07,1e-10,2228.6897813587507
Complex tensor network,BP,3607.66295264624,2.1175245362794934e-07,1e-10,2117.524536279493
Complex tensor network,BP,3624.799442896936,2.011879106451733e-07,1e-10,2011.879106451733
Complex tensor network,BP,3641.9359331476326,1.9114812898660174e-07,1e-10,1911.4812898660173
Complex tensor network,BP,3659.0724233983287,1.8160731130844407e-07,1e-10,1816.0731130844406
Complex tensor network,BP,3676.2089136490254,1.7254086909057208e-07,1e-10,1725.4086909057207
Complex tensor network,BP,3693.3454038997215,1.6392539454765286e-07,1e-10,1639.2539454765285
Complex tensor network,BP,3710.481894150418,1.5573861755887554e-07,1e-10,1557.3861755887553
Complex tensor network,BP,3727.6183844011143,1.4795935214030305e-07,1e-10,1479.5935214030305
Complex tensor network,BP,3744.7548746518105,1.405674451286991e-07,1e-10,1405.674451286991
Complex tensor network,BP,3761.891364902507,1.3354370174032995e-07,1e-10,1335.4370174032995
Complex tensor network,BP,3779.0278551532033,1.2686991372666911e-07,1e-10,1268.6991372666912
Complex tensor network,BP,3796.1643454039,1.2052874838070414e-07,1e-10,1205.2874838070413
Complex tensor network,BP,3813.300835654596,1.1450371478807337e-07,1e-10,1145.0371478807335
Complex tensor network,BP,3830.4373259052927,1.087791312729618e-07,1e-10,1087.791312729618
Complex tensor network,BP,3847.573816155989,1.0334008651259312e-07,1e-10,1033.4008651259312
Complex tensor network,BP,3864.7103064066855,9.817240212280369e-08,1e-10,981.7240212280368
Complex tensor network,BP,3881.8467966573817,9.326258578018084e-08,1e-10,932.6258578018084
Complex tensor network,BP,3898.9832869080783,8.859783133992641e-08,1e-10,885.978313399264
Complex tensor network,BP,3916.1197771587745,8.416595838504443e-08,1e-10,841.6595838504443
Complex tensor network,BP,3933.256267409471,7.995538309171995e-08,1e-10,799.5538309171994
Complex tensor network,BP,3950.3927576601673,7.59550938261249e-08,1e-10,759.550938261249
Complex tensor network,BP,3967.5292479108634,7.215462304708723e-08,1e-10,721.5462304708723
Complex tensor network,BP,3984.66573816156,6.854402092601116e-08,1e-10,685.4402092601116
Complex tensor network,BP,4001.802228412256,6.511382468705687e-08,1e-10,651.1382468705687
Complex tensor network,BP,4018.938718662953,6.185504953751518e-08,1e-10,618.5504953751519
Complex tensor network,BP,4036.075208913649,5.875915423377434e-08,1e-10,587.5915423377434
Complex tensor network,BP,4053.2116991643456,5.581801835819977e-08,1e-10,558.1801835819977
Complex tensor network,BP,4070.348189415042,5.302392451677561e-08,1e-10,530.239245167756
Complex tensor network,BP,4087.4846796657384,5.036953826011587e-08,1e-10,503.69538260115866
Complex tensor network,BP,4104.621169916434,4.784788925035205e-08,1e-10,478.47889250352046
Complex tensor network,BP,4121.757660167131,4.5452351070702924e-08,1e-10,454.52351070702923
Complex tensor network,BP,4138.894150417827,4.3176630775705386e-08,1e-10,431.7663077570538
Complex tensor network,BP,4156.030640668524,4.1014747928867e-08,1e-10,410.14747928866996
Complex tensor network,BP,4173.167130919221,3.896101815423852e-08,1e-10,389.6101815423852
Complex tensor network,BP,4190.303621169916,3.701003999130999e-08,1e-10,370.10039991309986
Complex tensor network,BP,4207.440111420613,3.515668084636711e-08,1e-10,351.5668084636711
Complex tensor network,BP,4224.57660167131,3.339606365339676e-08,1e-10,333.9606365339676
Complex tensor network,BP,4241.713091922005,3.172355328050173e-08,1e-10,317.2355328050173
Complex tensor network,BP,4258.849582172702,3.013474718857892e-08,1e-10,301.3474718857892
Complex tensor network,BP,4275.986072423399,2.8625462410718204e-08,1e-10,286.25462410718205
Complex tensor network,BP,4293.122562674095,2.7191723732560584e-08,1e-10,271.9172373256058
Complex tensor network,BP,4310.259052924791,2.5829754247478647e-08,1e-10,258.29754247478644
Complex tensor network,BP,4327.395543175488,2.4535965322006693e-08,1e-10,245.35965322006692
Complex tensor network,BP,4344.532033426184,2.3306947493192432e-08,1e-10,233.0694749319243
Complex tensor network,BP,4361.668523676881,2.2139460818444455e-08,1e-10,221.39460818444454
Complex tensor network,BP,4378.8050139275765,2.103042797997336e-08,1e-10,210.3042797997336
Complex tensor network,BP,4395.941504178273,1.9976925286640208e-08,1e-10,199.76925286640207
Complex tensor network,BP,4413.07799442897,1.8976174718526756e-08,1e-10,189.76174718526755
Complex tensor network,BP,4430.2144846796655,1.802553701333145e-08,1e-10,180.2553701333145
Complex tensor network,BP,4447.350974930362,1.7122504632027306e-08,1e-10,171.22504632027307
Complex tensor network,BP,4464.487465181059,1.6264695446686037e-08,1e-10,162.64695446686036
Complex tensor network,BP,4481.623955431755,1.544984606564235e-08,1e-10,154.4984606564235
Complex tensor network,BP,4498.760445682451,1.4675806515635991e-08,1e-10,146.75806515635992
Complex tensor network,BP,4515.896935933148,1.3940534493913396e-08,1e-10,139.40534493913395
Complex tensor network,BP,4533.033426183844,1.3242089429314787e-08,1e-10,132.42089429314785
Complex tensor network,BP,4550.169916434541,1.25786279456506e-08,1e-10,125.786279456506
Complex tensor network,BP,4567.306406685237,1.1948398641485067e-08,1e-10,119.48398641485066
Complex tensor network,BP,4584.442896935933,1.1349737844266191e-08,1e-10,113.49737844266191
Complex tensor network,BP,4601.57938718663,1.0781065004590647e-08,1e-10,107.81065004590647
Complex tensor network,BP,4618.715877437326,1.024087858993836e-08,1e-10,102.4087858993836
Complex tensor network,BP,4635.852367688022,9.72775244976097e-09,1e-10,97.2775244976097
Complex tensor network,BP,4652.988857938719,9.240331571735404e-09,1e-10,92.40331571735403
Complex tensor network,BP,4670.1253481894155,8.777328719250586e-09,1e-10,87.77328719250586
Complex tensor network,BP,4687.261838440111,8.337521159731415e-09,1e-10,83.37521159731415
Complex tensor network,BP,4704.398328690808,7.919747229292033e-09,1e-10,79.19747229292034
Complex tensor network,BP,4721.534818941504,7.522903441401565e-09,1e-10,75.22903441401566
Complex tensor network,BP,4738.671309192201,7.145941540020042e-09,1e-10,71.45941540020041
Complex tensor network,BP,4755.807799442897,6.787865800245438e-09,1e-10,67.87865800245437
Complex tensor network,BP,4772.944289693593,6.447730316306907e-09,1e-10,64.47730316306907
Complex tensor network,BP,4790.08077994429,6.1246364941222955e-09,1e-10,61.24636494122295
Complex tensor network,BP,4807.217270194987,5.817730699847345e-09,1e-10,58.17730699847345
Complex tensor network,BP,4824.353760445682,5.526202043252207e-09,1e-10,55.26202043252207
Complex tensor network,BP,4841.490250696379,5.249280266914859e-09,1e-10,52.49280266914859
Complex tensor network,BP,4858.626740947076,4.986233721126876e-09,1e-10,49.86233721126876
Complex tensor network,BP,4875.763231197771,4.736367252520063e-09,1e-10,47.36367252520063
Complex tensor network,BP,4892.899721448468,4.4990206709868926e-09,1e-10,44.99020670986892
Complex tensor network,BP,4910.036211699165,4.273566748525129e-09,1e-10,42.735667485251284
Complex tensor network,BP,4927.172701949861,4.059409762713158e-09,1e-10,40.59409762713158
Complex tensor network,BP,4944.309192200557,3.855983649882344e-09,1e-10,38.55983649882344
Complex tensor network,BP,4961.445682451254,3.662750799817766e-09,1e-10,36.62750799817766
Complex tensor network,BP,4978.58217270195,3.4792006153684086e-09,1e-10,34.792006153684085
Complex tensor network,BP,4995.718662952647,3.304847914386975e-09,1e-10,33.04847914386975
Complex tensor network,BP,5012.8551532033425,3.139231914573884e-09,1e-10,31.392319145738842
Complex tensor network,BP,5029.991643454039,2.9819149141828355e-09,1e-10,29.819149141828355
Complex tensor network,BP,5047.128133704736,2.8324810504758063e-09,1e-10,28.324810504758062
Complex tensor network,BP,5064.2646239554315,2.69053538117865e-09,1e-10,26.905353811786497
Complex tensor network,BP,5081.401114206128,2.5557027270077413e-09,1e-10,25.557027270077413
Complex tensor network,BP,5098.537604456825,2.4276266371557806e-09,1e-10,24.276266371557806
Complex tensor network,BP,5115.674094707521,2.305968594481509e-09,1e-10,23.059685944815087
Complex tensor network,BP,5132.810584958217,2.1904070551944374e-09,1e-10,21.904070551944372
Complex tensor network,BP,5149.947075208914,2.080636518810111e-09,1e-10,20.80636518810111
Complex tensor network,BP,5167.08356545961,1.9763667343662683e-09,1e-10,19.763667343662682
Complex tensor network,BP,5184.220055710307,1.877322203694562e-09,1e-10,18.77322203694562
Complex tensor network,BP,5201.356545961003,1.7832410354623147e-09,1e-10,17.832410354623146
Complex tensor network,BP,5218.493036211699,1.6938745307889258e-09,1e-10,16.938745307889256
Complex tensor network,BP,5235.629526462396,1.608986409881039e-09,1e-10,16.089864098810388
Complex tensor network,BP,5252.7660167130925,1.5283523126031067e-09,1e-10,15.283523126031067
Complex tensor network,BP,5269.902506963788,1.4517590267914261e-09,1e-10,14.517590267914262
Complex tensor network,BP,5287.038997214485,1.3790041373018352e-09,1e-10,13.79004137301835
Complex tensor network,BP,5304.1754874651815,1.3098951888847174e-09,1e-10,13.098951888847173
Complex tensor network,BP,5321.311977715877,1.2442495768178925e-09,1e-10,12.442495768178926
Complex tensor network,BP,5338.448467966574,1.181893729599852e-09,1e-10,11.81893729599852
Complex tensor network,BP,5355.5849582172705,1.1226627484825072e-09,1e-10,11.226627484825071
Complex tensor network,BP,5372.721448467967,1.0664001043978587e-09,1e-10,10.664001043978587
Complex tensor network,BP,5389.857938718663,1.0129570101759997e-09,1e-10,10.129570101759997
Complex tensor network,BP,5406.994428969359,9.621921902797291e-10,1e-10,9.621921902797292
Complex tensor network,BP,5424.130919220056,9.139713990439972e-10,1e-10,9.139713990439972
Complex tensor network,BP,5441.267409470753,8.681672053545611e-10,1e-10,8.681672053545611
Complex tensor network,BP,5458.403899721448,8.246584291289593e-10,1e-10,8.246584291289594
Complex tensor network,BP,5475.540389972145,7.833301759617837e-10,1e-10,7.833301759617837
Complex tensor network,BP,5492.676880222842,7.440729729865018e-10,1e-10,7.4407297298650175
Complex tensor network,BP,5509.813370473537,7.067831912543105e-10,1e-10,7.067831912543104
Complex tensor network,BP,5526.949860724234,6.713621544409561e-10,1e-10,6.713621544409561
Complex tensor network,BP,5544.086350974931,6.377163170041644e-10,1e-10,6.377163170041643
Complex tensor network,BP,5561.222841225627,6.057566030202838e-10,1e-10,6.057566030202838
Complex tensor network,BP,5578.359331476323,5.753985392490754e-10,1e-10,5.753985392490754
Complex tensor network,BP,5595.49582172702,5.465619339837935e-10,1e-10,5.465619339837935
Complex tensor network,BP,5612.632311977716,5.191704152408067e-10,1e-10,5.191704152408067
Complex tensor network,BP,5629.768802228413,4.931516597433974e-10,1e-10,4.931516597433974
Complex tensor network,BP,5646.9052924791085,4.684368733514584e-10,1e-10,4.684368733514584
Complex tensor network,BP,5664.041782729805,4.449606247222854e-10,1e-10,4.449606247222854
Complex tensor network,BP,5681.178272980502,4.226609465465044e-10,1e-10,4.226609465465044
Complex tensor network,BP,5698.314763231198,4.0147886732211834e-10,1e-10,4.014788673221183
Complex tensor network,BP,5715.451253481894,3.8135828583318856e-10,1e-10,3.8135828583318854
Complex tensor network,BP,5732.587743732591,3.622460655606073e-10,1e-10,3.6224606556060728
Complex tensor network,BP,5749.724233983287,3.440916742665033e-10,1e-10,3.4409167426650327
Complex tensor network,BP,5766.860724233983,3.268471020852834e-10,1e-10,3.268471020852834
Complex tensor network,BP,5783.99721448468,3.104668012864609e-10,1e-10,3.1046680128646087
Complex tensor network,BP,5801.133704735376,2.9490738264094567e-10,1e-10,2.9490738264094567
Complex tensor network,BP,5818.270194986073,2.801277196477035e-10,1e-10,2.801277196477035
Complex tensor network,BP,5835.406685236769,2.660887554939664e-10,1e-10,2.660887554939664
Complex tensor network,BP,5852.543175487465,2.5275336456451053e-10,1e-10,2.5275336456451054
Complex tensor network,BP,5869.679665738162,2.40086309792468e-10,1e-10,2.4008630979246797
Complex tensor network,BP,5886.816155988859,2.2805406560190437e-10,1e-10,2.2805406560190438
Complex tensor network,BP,5903.952646239554,2.1662484005820953e-10,1e-10,2.166248400582095
Complex tensor network,BP,5921.089136490251,2.0576840335328087e-10,1e-10,2.0576840335328086
Complex tensor network,BP,5938.2256267409475,1.954560518609791e-10,1e-10,1.954560518609791
Complex tensor network,BP,5955.362116991643,1.8566052206722265e-10,1e-10,1.8566052206722266
Complex tensor network,BP,5972.49860724234,1.7635588637892005e-10,1e-10,1.7635588637892006
Complex tensor network,BP,5989.6350974930365,1.6751755099040364e-10,1e-10,1.6751755099040364
Complex tensor network,BP,6006.771587743733,1.5912220929028078e-10,1e-10,1.5912220929028078
Complex tensor network,BP,6023.908077994429,1.511475574181663e-10,1e-10,1.5114755741816628
Complex tensor network,BP,6041.044568245125,1.4357257061334786e-10,1e-10,1.4357257061334785
Complex tensor network,BP,6058.181058495822,1.3637723159460215e-10,1e-10,1.3637723159460213
Complex tensor network,BP,6075.317548746519,1.295425026475138e-10,1e-10,1.295425026475138
Complex tensor network,BP,6092.454038997214,1.23050303148137e-10,1e-10,1.2305030314813699
Complex tensor network,BP,6109.590529247911,1.1688345822712796e-10,1e-10,1.1688345822712796
Complex tensor network,BP,6126.727019498608,1.1102569784161346e-10,1e-10,1.1102569784161345
Complex tensor network,BP,6143.863509749304,1.0546144920759455e-10,1e-10,1.0546144920759455
Complex tensor network,BP,6161.0,1.0017611740131816e-10,1e-10,1.0017611740131815
Complex tensor network,I-BP,9.0,0.0005984812366245422,1e-10,5984812.366245422
Complex tensor network,I-BP,12.05849582172702,0.00013025142736962787,1e-10,1302514.2736962787
Complex tensor network,I-BP,15.116991643454039,2.8347479074717774e-05,1e-10,283474.7907471777
Complex tensor network,I-BP,18.175487465181057,6.733617285114699e-06,1e-10,67336.17285114698
Complex tensor network,I-BP,21.233983286908078,6.734440745080239e-06,1e-10,67344.40745080239
Complex tensor network,I-BP,24.2924791086351,6.73526430574742e-06,1e-10,67352.6430574742
Complex tensor network,I-BP,27.350974930362117,6.73739082850098e-06,1e-10,67373.90828500979
Complex tensor network,I-BP,30.409470752089135,6.749580317217713e-06,1e-10,67495.80317217713
Complex tensor network,I-BP,33.467966573816156,6.761791859521503e-06,1e-10,67617.91859521503
Complex tensor network,I-BP,36.52646239554318,6.7756523871304155e-06,1e-10,67756.52387130415
Complex tensor network,I-BP,39.5849582172702,6.797387411940985e-06,1e-10,67973.87411940984
Complex tensor network,I-BP,42.64345403899721,6.824731688821909e-06,1e-10,68247.31688821908
Complex tensor network,I-BP,45.701949860724234,6.854706587271452e-06,1e-10,68547.06587271452
Complex tensor network,I-BP,48.760445682451255,6.892643906837943e-06,1e-10,68926.43906837943
Complex tensor network,I-BP,51.81894150417827,6.930791190200486e-06,1e-10,69307.91190200485
Complex tensor network,I-BP,54.87743732590529,6.9724167187505705e-06,1e-10,69724.1671875057
Complex tensor network,I-BP,57.93593314763231,7.0224688219163384e-06,1e-10,70224.68821916338
Complex tensor network,I-BP,60.99442896935933,7.072880228481827e-06,1e-10,70728.80228481827
Complex tensor network,I-BP,64.05292479108635,7.126902873955303e-06,1e-10,71269.02873955303
Complex tensor network,I-BP,67.11142061281336,7.1875787998694195e-06,1e-10,71875.7879986942
Complex tensor network,I-BP,70.1699164345404,7.24877129911851e-06,1e-10,72487.7129911851
Complex tensor network,I-BP,73.2284122562674,7.313068877433135e-06,1e-10,73130.68877433136
Complex tensor network,I-BP,76.28690807799443,7.381822434595065e-06,1e-10,73818.22434595066
Complex tensor network,I-BP,79.34540389972145,7.4512223758813135e-06,1e-10,74512.22375881314
Complex tensor network,I-BP,82.40389972144847,7.523862866157819e-06,1e-10,75238.62866157819
Complex tensor network,I-BP,85.46239554317549,7.600292651370596e-06,1e-10,76002.92651370596
Complex tensor network,I-BP,88.52089136490251,7.677498834581527e-06,1e-10,76774.98834581528
Complex tensor network,I-BP,91.57938718662953,7.758597667249844e-06,1e-10,77585.97667249844
Complex tensor network,I-BP,94.63788300835654,7.843496061007166e-06,1e-10,78434.96061007166
Complex tensor network,I-BP,97.69637883008356,7.929323454768317e-06,1e-10,79293.23454768317
Complex tensor network,I-BP,100.75487465181058,8.019807235678882e-06,1e-10,80198.07235678882
Complex tensor network,I-BP,103.8133704735376,8.114117556798465e-06,1e-10,81141.17556798465
Complex tensor network,I-BP,106.87186629526462,8.209536936578458e-06,1e-10,82095.36936578459
Complex tensor network,I-BP,109.93036211699165,8.310551717192718e-06,1e-10,83105.51717192717
Complex tensor network,I-BP,112.98885793871867,8.415457003398586e-06,1e-10,84154.57003398586
Complex tensor network,I-BP,116.04735376044569,8.521686524077516e-06,1e-10,85216.86524077517
Complex tensor network,I-BP,119.10584958217271,8.633727684288139e-06,1e-10,86337.27684288139
Complex tensor network,I-BP,122.16434540389972,8.749291751890568e-06,1e-10,87492.91751890567
Complex tensor network,I-BP,125.22284122562674,8.866402666255985e-06,1e-10,88664.02666255985
Complex tensor network,I-BP,128.28133704735376,8.989767054872952e-06,1e-10,89897.67054872951
Complex tensor network,I-BP,131.3398328690808,9.116466977044185e-06,1e-10,91164.66977044185
Complex tensor network,I-BP,134.3983286908078,9.244952581778738e-06,1e-10,92449.52581778738
Complex tensor network,I-BP,137.4568245125348,9.380212809562256e-06,1e-10,93802.12809562255
Complex tensor network,I-BP,140.51532033426184,9.518685800390419e-06,1e-10,95186.85800390418
Complex tensor network,I-BP,143.57381615598885,9.659202963304885e-06,1e-10,96592.02963304885
Complex tensor network,I-BP,146.6323119777159,9.806999146287784e-06,1e-10,98069.99146287784
Complex tensor network,I-BP,149.6908077994429,9.957912588248732e-06,1e-10,99579.12588248731
Complex tensor network,I-BP,152.74930362116993,1.011114833763777e-05,1e-10,101111.4833763777
Complex tensor network,I-BP,155.80779944289694,1.0272350739028071e-05,1e-10,102723.5073902807
Complex tensor network,I-BP,158.86629526462394,1.0436632099796617e-05,1e-10,104366.32099796618
Complex tensor network,I-BP,161.92479108635098,1.0603540742886574e-05,1e-10,106035.40742886574
Complex tensor network,I-BP,164.983286908078,1.0778923261943764e-05,1e-10,107789.23261943764
Complex tensor network,I-BP,168.04178272980502,1.0957355402428441e-05,1e-10,109573.55402428441
Complex tensor network,I-BP,171.10027855153203,1.1138920754135494e-05,1e-10,111389.20754135493
Complex tensor network,I-BP,174.15877437325906,1.1328878430037735e-05,1e-10,113288.78430037735
Complex tensor network,I-BP,177.21727019498607,1.15220755507148e-05,1e-10,115220.755507148
Complex tensor network,I-BP,180.27576601671308,1.1719036778031239e-05,1e-10,117190.36778031239
Complex tensor network,I-BP,183.3342618384401,1.1924183806931194e-05,1e-10,119241.83806931194
Complex tensor network,I-BP,186.39275766016712,1.213292202717764e-05,1e-10,121329.2202717764
Complex tensor network,I-BP,189.45125348189416,1.2346019692833552e-05,1e-10,123460.19692833551
Complex tensor network,I-BP,192.50974930362116,1.256700808217399e-05,1e-10,125670.0808217399
Complex tensor network,I-BP,195.5682451253482,1.279195206768539e-05,1e-10,127919.5206768539
Complex tensor network,I-BP,198.6267409470752,1.3021773330317255e-05,1e-10,130217.73330317254
Complex tensor network,I-BP,201.68523676880224,1.3259084834532722e-05,1e-10,132590.84834532722
Complex tensor network,I-BP,204.74373259052925,1.350072115293474e-05,1e-10,135007.2115293474
Complex tensor network,I-BP,207.80222841225626,1.3747659126480007e-05,1e-10,137476.59126480005
Complex tensor network,I-BP,210.8607242339833,1.4001685985887533e-05,1e-10,140016.85985887534
Complex tensor network,I-BP,213.9192200557103,1.4260406709516364e-05,1e-10,142604.06709516363
Complex tensor network,I-BP,216.97771587743733,1.452471316977156e-05,1e-10,145247.13169771558
Complex tensor network,I-BP,220.03621169916434,1.4795663774578986e-05,1e-10,147956.63774578986
Complex tensor network,I-BP,223.09470752089138,1.507166881518751e-05,1e-10,150716.6881518751
Complex tensor network,I-BP,226.15320334261838,1.5353261818903516e-05,1e-10,153532.61818903516
Complex tensor network,I-BP,229.21169916434542,1.5640855280028498e-05,1e-10,156408.55280028496
Complex tensor network,I-BP,232.27019498607243,1.5933835869951056e-05,1e-10,159338.35869951054
Complex tensor network,I-BP,235.32869080779943,1.6232103821386692e-05,1e-10,162321.0382138669
Complex tensor network,I-BP,238.38718662952647,1.653568895065459e-05,1e-10,165356.88950654588
Complex tensor network,I-BP,241.44568245125348,1.6844951959495424e-05,1e-10,168449.51959495424
Complex tensor network,I-BP,244.5041782729805,1.7158756433453016e-05,1e-10,171587.56433453015
Complex tensor network,I-BP,247.56267409470752,1.7477098917902324e-05,1e-10,174770.98917902322
Complex tensor network,I-BP,250.62116991643455,1.7801347537670847e-05,1e-10,178013.47537670846
Complex tensor network,I-BP,253.67966573816156,1.8128691278396206e-05,1e-10,181286.91278396206
Complex tensor network,I-BP,256.73816155988857,1.845961321911876e-05,1e-10,184596.13219118761
Complex tensor network,I-BP,259.7966573816156,1.879657582373539e-05,1e-10,187965.7582373539
Complex tensor network,I-BP,262.85515320334264,1.913436341474689e-05,1e-10,191343.6341474689
Complex tensor network,I-BP,265.9136490250696,1.9474705342135983e-05,1e-10,194747.05342135983
Complex tensor network,I-BP,268.97214484679665,1.9821100913695462e-05,1e-10,198211.0091369546
Complex tensor network,I-BP,272.0306406685237,2.016493577526923e-05,1e-10,201649.35775269227
Complex tensor network,I-BP,275.0891364902507,2.0510245133087838e-05,1e-10,205102.45133087836
Complex tensor network,I-BP,278.1476323119777,2.0861467653929882e-05,1e-10,208614.67653929882
Complex tensor network,I-BP,281.20612813370474,2.1205178830176868e-05,1e-10,212051.78830176865
Complex tensor network,I-BP,284.2646239554318,2.1549243335365814e-05,1e-10,215492.43335365813
Complex tensor network,I-BP,287.32311977715875,2.1898890457173034e-05,1e-10,218988.90457173032
Complex tensor network,I-BP,290.3816155988858,2.2234154136292628e-05,1e-10,222341.54136292628
Complex tensor network,I-BP,293.4401114206128,2.256876634696898e-05,1e-10,225687.6634696898
Complex tensor network,I-BP,296.49860724233986,2.290841429369571e-05,1e-10,229084.14293695707
Complex tensor network,I-BP,299.55710306406684,2.3224352309335053e-05,1e-10,232243.52309335052
Complex tensor network,I-BP,302.6155988857939,2.3538922581926234e-05,1e-10,235389.22581926233
Complex tensor network,I-BP,305.6740947075209,2.3857753660376713e-05,1e-10,238577.53660376713
Complex tensor network,I-BP,308.7325905292479,2.4140364569709202e-05,1e-10,241403.645697092
Complex tensor network,I-BP,311.7910863509749,2.442143562303236e-05,1e-10,244214.35623032358
Complex tensor network,I-BP,314.84958217270196,2.470577924238442e-05,1e-10,247057.7924238442
Complex tensor network,I-BP,317.908077994429,2.4937525836010428e-05,1e-10,249375.25836010426
Complex tensor network,I-BP,320.966573816156,2.5168530805562075e-05,1e-10,251685.30805562076
Complex tensor network,I-BP,324.025069637883,2.5401064070564697e-05,1e-10,254010.64070564695
Complex tensor network,I-BP,327.08356545961004,2.556116995039176e-05,1e-10,255611.6995039176
Complex tensor network,I-BP,330.142061281337,2.572228499631848e-05,1e-10,257222.8499631848
Complex tensor network,I-BP,333.20055710306406,2.587820304189645e-05,1e-10,258782.03041896448
Complex tensor network,I-BP,336.2590529247911,2.5946163884410266e-05,1e-10,259461.63884410265
Complex tensor network,I-BP,339.3175487465181,2.601430320439053e-05,1e-10,260143.03204390532
Complex tensor network,I-BP,342.3760445682451,2.6067964205179078e-05,1e-10,260679.64205179078
Complex tensor network,I-BP,345.43454038997214,2.601720422067459e-05,1e-10,260172.0422067459
Complex tensor network,I-BP,348.4930362116992,2.5966543076877724e-05,1e-10,259665.43076877724
Complex tensor network,I-BP,351.55153203342616,2.5889145345150434e-05,1e-10,258891.45345150435
Complex tensor network,I-BP,354.6100278551532,2.5690712280180847e-05,1e-10,256907.12280180847
Complex tensor network,I-BP,357.6685236768802,2.549380014920689e-05,1e-10,254938.0014920689
Complex tensor network,I-BP,360.72701949860726,2.5254485385404493e-05,1e-10,252544.85385404492
Complex tensor network,I-BP,363.78551532033424,2.4878426743516648e-05,1e-10,248784.26743516646
Complex tensor network,I-BP,366.8440111420613,2.4507967903009787e-05,1e-10,245079.67903009785
Complex tensor network,I-BP,369.9025069637883,2.4075547647571734e-05,1e-10,240755.47647571733
Complex tensor network,I-BP,372.96100278551535,2.349315313876454e-05,1e-10,234931.5313876454
Complex tensor network,I-BP,376.0194986072423,2.2924846922728667e-05,1e-10,229248.46922728667
Complex tensor network,I-BP,379.07799442896936,2.2270317688836384e-05,1e-10,222703.17688836384
Complex tensor network,I-BP,382.1364902506964,2.1457182825134675e-05,1e-10,214571.82825134674
Complex tensor network,I-BP,385.1949860724234,2.0673737178973792e-05,1e-10,206737.37178973792
Complex tensor network,I-BP,388.2534818941504,1.9773087926257335e-05,1e-10,197730.87926257335
Complex tensor network,I-BP,391.31197771587745,1.8712649254774722e-05,1e-10,187126.4925477472
Complex tensor network,I-BP,394.3704735376045,1.7709082336463334e-05,1e-10,177090.82336463334
Complex tensor network,I-BP,397.42896935933146,1.6544868594766295e-05,1e-10,165448.68594766295
Complex tensor network,I-BP,400.4874651810585,1.5231827677966603e-05,1e-10,152318.27677966602
Complex tensor network,I-BP,403.54596100278553,1.4022992874338219e-05,1e-10,140229.9287433822
Complex tensor network,I-BP,406.6044568245125,1.2578777465781797e-05,1e-10,125787.77465781796
Complex tensor network,I-BP,409.66295264623955,1.102056114684258e-05,1e-10,110205.61146842579
Complex tensor network,I-BP,412.7214484679666,9.655371384197387e-06,1e-10,96553.71384197386
Complex tensor network,I-BP,415.7799442896936,7.859971773014362e-06,1e-10,78599.71773014362
Complex tensor network,I-BP,418.8384401114206,6.069450477186545e-06,1e-10,60694.50477186545
Complex tensor network,I-BP,421.89693593314763,4.686814426165828e-06,1e-10,46868.14426165828
Complex tensor network,I-BP,424.95543175487467,3.0765489779476763e-06,1e-10,30765.489779476764
Complex tensor network,I-BP,428.01392757660165,1.8427092267825724e-06,1e-10,18427.092267825723
Complex tensor network,I-BP,431.0724233983287,1.1036968105525609e-06,1e-10,11036.968105525608
Complex tensor network,I-BP,434.1309192200557,1.4794257706152998e-06,1e-10,14794.257706152997
Complex tensor network,I-BP,437.18941504178275,2.8159464989123217e-06,1e-10,28159.464989123215
Complex tensor network,I-BP,440.24791086350973,5.35988681705775e-06,1e-10,53598.868170577494
Complex tensor network,I-BP,443.30640668523677,6.237597443779286e-06,1e-10,62375.97443779286
Complex tensor network,I-BP,446.3649025069638,6.183070979508247e-06,1e-10,61830.70979508247
Complex tensor network,I-BP,449.42339832869084,6.129021162749763e-06,1e-10,61290.21162749762
Complex tensor network,I-BP,452.4818941504178,6.070963036862603e-06,1e-10,60709.63036862603
Complex tensor network,I-BP,455.54038997214485,6.012424213803652e-06,1e-10,60124.24213803652
Complex tensor network,I-BP,458.5988857938719,5.954449847122431e-06,1e-10,59544.49847122431
Complex tensor network,I-BP,461.65738161559887,5.896967715977756e-06,1e-10,58969.67715977756
Complex tensor network,I-BP,464.7158774373259,5.840030514443389e-06,1e-10,58400.305144433885
Complex tensor network,I-BP,467.77437325905294,5.783643060690387e-06,1e-10,57836.430606903865
Complex tensor network,I-BP,470.83286908078,5.713236212656171e-06,1e-10,57132.36212656171
Complex tensor network,I-BP,473.89136490250695,5.642542201554752e-06,1e-10,56425.42201554752
Complex tensor network,I-BP,476.949860724234,5.572722938673008e-06,1e-10,55727.22938673008
Complex tensor network,I-BP,480.008356545961,5.48909019170016e-06,1e-10,54890.901917001596
Complex tensor network,I-BP,483.066852367688,5.406471939433819e-06,1e-10,54064.719394338186
Complex tensor network,I-BP,486.12534818941504,5.324501689294418e-06,1e-10,53245.01689294418
Complex tensor network,I-BP,489.18384401114207,5.230069173821924e-06,1e-10,52300.69173821924
Complex tensor network,I-BP,492.2423398328691,5.137311462960036e-06,1e-10,51373.11462960036
Complex tensor network,I-BP,495.3008356545961,5.044819970997758e-06,1e-10,50448.199709977576
Complex tensor network,I-BP,498.3593314763231,4.941598722329231e-06,1e-10,49415.98722329231
Complex tensor network,I-BP,501.41782729805016,4.840489466999999e-06,1e-10,48404.89466999999
Complex tensor network,I-BP,504.47632311977713,4.7393360099228485e-06,1e-10,47393.360099228485
Complex tensor network,I-BP,507.53481894150417,4.629097213078351e-06,1e-10,46290.972130783506
Complex tensor network,I-BP,510.5933147632312,4.521422613476742e-06,1e-10,45214.226134767414
Complex tensor network,I-BP,513.6518105849582,4.413445868764598e-06,1e-10,44134.45868764598
Complex tensor network,I-BP,516.7103064066853,4.297947098697736e-06,1e-10,42979.47098697736
Complex tensor network,I-BP,519.7688022284123,4.18547090243911e-06,1e-10,41854.7090243911
Complex tensor network,I-BP,522.8272980501392,4.072468932155501e-06,1e-10,40724.68932155501
Complex tensor network,I-BP,525.8857938718663,3.953428331764698e-06,1e-10,39534.28331764697
Complex tensor network,I-BP,528.9442896935933,3.83786735633299e-06,1e-10,38378.673563329896
Complex tensor network,I-BP,532.0027855153203,3.721573086617854e-06,1e-10,37215.730866178536
Complex tensor network,I-BP,535.0612813370474,3.6006438963579856e-06,1e-10,36006.43896357986
Complex tensor network,I-BP,538.1197771587744,3.483644192021562e-06,1e-10,34836.44192021562
Complex tensor network,I-BP,541.1782729805014,3.365701092294404e-06,1e-10,33657.01092294404
Complex tensor network,I-BP,544.2367688022284,3.2444487086724462e-06,1e-10,32444.48708672446
Complex tensor network,I-BP,547.2952646239554,3.127564550311984e-06,1e-10,31275.64550311984
Complex tensor network,I-BP,550.3537604456825,3.009504606881631e-06,1e-10,30095.046068816308
Complex tensor network,I-BP,553.4122562674095,2.8893872608621387e-06,1e-10,28893.872608621386
Complex tensor network,I-BP,556.4707520891365,2.774064118108457e-06,1e-10,27740.641181084568
Complex tensor network,I-BP,559.5292479108635,2.6572888637812014e-06,1e-10,26572.888637812015
Complex tensor network,I-BP,562.5877437325905,2.5396424136965963e-06,1e-10,25396.42413696596
Complex tensor network,I-BP,565.6462395543175,2.4272045381881954e-06,1e-10,24272.045381881955
Complex tensor network,I-BP,568.7047353760446,2.312969025326021e-06,1e-10,23129.69025326021
Complex tensor network,I-BP,571.7632311977716,2.198996007747899e-06,1e-10,21989.960077478987
Complex tensor network,I-BP,574.8217270194986,2.0906390829897098e-06,1e-10,20906.390829897096
Complex tensor network,I-BP,577.8802228412256,1.9800378733296573e-06,1e-10,19800.378733296573
Complex tensor network,I-BP,580.9387186629526,1.8708007827589564e-06,1e-10,18708.007827589565
Complex tensor network,I-BP,583.9972144846797,1.7675902142649624e-06,1e-10,17675.902142649622
Complex tensor network,I-BP,587.0557103064067,1.6615433220326302e-06,1e-10,16615.4332203263
Complex tensor network,I-BP,590.1142061281337,1.5579621020050194e-06,1e-10,15579.621020050194
Complex tensor network,I-BP,593.1727019498608,1.4608381732199134e-06,1e-10,14608.381732199134
Complex tensor network,I-BP,596.2311977715877,1.3600726508201746e-06,1e-10,13600.726508201746
Complex tensor network,I-BP,599.2896935933147,1.2629267089381791e-06,1e-10,12629.26708938179
Complex tensor network,I-BP,602.3481894150418,1.172719612579212e-06,1e-10,11727.19612579212
Complex tensor network,I-BP,605.4066852367688,1.077736837252525e-06,1e-10,10777.36837252525
Complex tensor network,I-BP,608.4651810584958,9.876730261316872e-07,1e-10,9876.730261316872
Complex tensor network,I-BP,611.5236768802229,9.051356257200596e-07,1e-10,9051.356257200596
Complex tensor network,I-BP,614.5821727019498,8.161372399550038e-07,1e-10,8161.372399550038
Complex tensor network,I-BP,617.6406685236769,7.336891119527028e-07,1e-10,7336.8911195270275
Complex tensor network,I-BP,620.6991643454039,6.595700902309346e-07,1e-10,6595.700902309345
Complex tensor network,I-BP,623.7576601671309,5.762501994910421e-07,1e-10,5762.501994910421
Complex tensor network,I-BP,626.816155988858,5.018901055925781e-07,1e-10,5018.901055925781
Complex tensor network,I-BP,629.874651810585,4.371255373346668e-07,1e-10,4371.2553733466675
Complex tensor network,I-BP,632.933147632312,3.5787984472482085e-07,1e-10,3578.7984472482085
Complex tensor network,I-BP,635.991643454039,2.922268797827502e-07,1e-10,2922.268797827502
Complex tensor network,I-BP,639.050139275766,2.3772416138789148e-07,1e-10,2377.241613878915
Complex tensor network,I-BP,642.108635097493,1.5439777146896574e-07,1e-10,1543.9777146896574
Complex tensor network,I-BP,645.1671309192201,1.0027870829539019e-07,1e-10,1002.7870829539019
Complex tensor network,I-BP,648.2256267409471,6.756980609561097e-08,1e-10,675.6980609561098
Complex tensor network,I-BP,651.284122562674,7.225820314521072e-08,1e-10,722.5820314521071
Complex tensor network,I-BP,654.3426183844011,7.727190920729442e-08,1e-10,772.7190920729441
Complex tensor network,I-BP,657.4011142061281,8.538985558800666e-08,1e-10,853.8985558800666
Complex tensor network,I-BP,660.4596100278552,1.1727303568866598e-07,1e-10,1172.7303568866598
Complex tensor network,I-BP,663.5181058495822,1.6106087549779908e-07,1e-10,1610.6087549779907
Complex tensor network,I-BP,666.5766016713092,2.080180353595384e-07,1e-10,2080.180353595384
Complex tensor network,I-BP,669.6350974930363,2.0623758827597298e-07,1e-10,2062.37588275973
Complex tensor network,I-BP,672.6935933147632,2.0447238021633066e-07,1e-10,2044.7238021633066
Complex tensor network,I-BP,675.7520891364902,2.0272319434150304e-07,1e-10,2027.2319434150302
Complex tensor network,I-BP,678.8105849582173,2.0099174985126726e-07,1e-10,2009.9174985126724
Complex tensor network,I-BP,681.8690807799443,1.992750935061794e-07,1e-10,1992.750935061794
Complex tensor network,I-BP,684.9275766016713,1.975730947039688e-07,1e-10,1975.730947039688
Complex tensor network,I-BP,687.9860724233984,1.958856228011501e-07,1e-10,1958.856228011501
Complex tensor network,I-BP,691.0445682451253,1.9421256359671557e-07,1e-10,1942.1256359671556
Complex tensor network,I-BP,694.1030640668523,1.9238296179780342e-07,1e-10,1923.829617978034
Complex tensor network,I-BP,697.1615598885794,1.902709789020128e-07,1e-10,1902.7097890201278
Complex tensor network,I-BP,700.2200557103064,1.8818218138454518e-07,1e-10,1881.8218138454517
Complex tensor network,I-BP,703.2785515320335,1.859254975663901e-07,1e-10,1859.254975663901
Complex tensor network,I-BP,706.3370473537605,1.834337359921172e-07,1e-10,1834.3373599211718
Complex tensor network,I-BP,709.3955431754874,1.8097536884638844e-07,1e-10,1809.7536884638844
Complex tensor network,I-BP,712.4540389972145,1.7833874539359924e-07,1e-10,1783.3874539359924
Complex tensor network,I-BP,715.5125348189415,1.7551116403782632e-07,1e-10,1755.1116403782632
Complex tensor network,I-BP,718.5710306406685,1.727284143102331e-07,1e-10,1727.284143102331
Complex tensor network,I-BP,721.6295264623956,1.6975818234605632e-07,1e-10,1697.581823460563
Complex tensor network,I-BP,724.6880222841226,1.6663967602661127e-07,1e-10,1666.3967602661126
Complex tensor network,I-BP,727.7465181058495,1.6357845755939268e-07,1e-10,1635.7845755939268
Complex tensor network,I-BP,730.8050139275766,1.6032154852635424e-07,1e-10,1603.2154852635424
Complex tensor network,I-BP,733.8635097493036,1.569582484026704e-07,1e-10,1569.582484026704
Complex tensor network,I-BP,736.9220055710307,1.5366550515562605e-07,1e-10,1536.6550515562606
Complex tensor network,I-BP,739.9805013927577,1.501696247848903e-07,1e-10,1501.696247848903
Complex tensor network,I-BP,743.0389972144847,1.4660868159760932e-07,1e-10,1466.0868159760932
Complex tensor network,I-BP,746.0974930362117,1.431321783654871e-07,1e-10,1431.3217836548708
Complex tensor network,I-BP,749.1559888579387,1.394455130486613e-07,1e-10,1394.455130486613
Complex tensor network,I-BP,752.2144846796657,1.3573465393424653e-07,1e-10,1357.3465393424653
Complex tensor network,I-BP,755.2729805013928,1.3212254647605916e-07,1e-10,1321.2254647605916
Complex tensor network,I-BP,758.3314763231198,1.2829325798878918e-07,1e-10,1282.9325798878917
Complex tensor network,I-BP,761.3899721448468,1.2448023924438415e-07,1e-10,1244.8023924438414
Complex tensor network,I-BP,764.4484679665738,1.2078054767065888e-07,1e-10,1207.8054767065887
Complex tensor network,I-BP,767.5069637883008,1.1685616319052061e-07,1e-10,1168.561631905206
Complex tensor network,I-BP,770.5654596100278,1.1298818217855215e-07,1e-10,1129.8818217855214
Complex tensor network,I-BP,773.6239554317549,1.0924823272863773e-07,1e-10,1092.4823272863773
Complex tensor network,I-BP,776.6824512534819,1.0527498090179784e-07,1e-10,1052.7498090179784
Complex tensor network,I-BP,779.740947075209,1.0139808588044076e-07,1e-10,1013.9808588044075
Complex tensor network,I-BP,782.799442896936,9.766396281570522e-08,1e-10,976.6396281570522
Complex tensor network,I-BP,785.8579387186629,9.368607957527233e-08,1e-10,936.8607957527232
Complex tensor network,I-BP,788.91643454039,8.98446061668124e-08,1e-10,898.446061668124
Complex tensor network,I-BP,791.974930362117,8.616064727934452e-08,1e-10,861.6064727934452
Complex tensor network,I-BP,795.033426183844,8.221965576630777e-08,1e-10,822.1965576630777
Complex tensor network,I-BP,798.0919220055711,7.845571502414691e-08,1e-10,784.557150241469
Complex tensor network,I-BP,801.150417827298,7.484246303211229e-08,1e-10,748.4246303211229
Complex tensor network,I-BP,804.208913649025,7.099803169008958e-08,1e-10,709.9803169008958
Complex tensor network,I-BP,807.2674094707521,6.73510771779941e-08,1e-10,673.5107717799409
Complex tensor network,I-BP,810.3259052924791,6.384301661381421e-08,1e-10,638.430166138142
Complex tensor network,I-BP,813.3844011142062,6.013405584278591e-08,1e-10,601.3405584278592
Complex tensor network,I-BP,816.4428969359332,5.6640567189628464e-08,1e-10,566.4056718962846
Complex tensor network,I-BP,819.5013927576601,5.327176573012578e-08,1e-10,532.7176573012578
Complex tensor network,I-BP,822.5598885793872,4.972958520506439e-08,1e-10,497.29585205064393
Complex tensor network,I-BP,825.6183844011142,4.642293362671922e-08,1e-10,464.2293362671922
Complex tensor network,I-BP,828.6768802228412,4.32227639429098e-08,1e-10,432.227639429098
Complex tensor network,I-BP,831.7353760445683,3.9873939786632974e-08,1e-10,398.73939786632974
Complex tensor network,I-BP,834.7938718662953,3.6784576669092175e-08,1e-10,367.8457666909217
Complex tensor network,I-BP,837.8523676880222,3.377652126250228e-08,1e-10,337.7652126250228
Complex tensor network,I-BP,840.9108635097493,3.06419596753685e-08,1e-10,306.41959675368497
Complex tensor network,I-BP,843.9693593314763,2.7798294722236115e-08,1e-10,277.98294722236113
Complex tensor network,I-BP,847.0278551532033,2.4997212103408502e-08,1e-10,249.972121034085
Complex tensor network,I-BP,850.0863509749304,2.2090318098847216e-08,1e-10,220.90318098847214
Complex tensor network,I-BP,853.1448467966574,1.9521463101147948e-08,1e-10,195.21463101147947
Complex tensor network,I-BP,856.2033426183845,1.6924192878384752e-08,1e-10,169.2419287838475
Complex tensor network,I-BP,859.2618384401114,1.424573724330871e-08,1e-10,142.4573724330871
Complex tensor network,I-BP,862.3203342618384,1.1991179199132427e-08,1e-10,119.91179199132426
Complex tensor network,I-BP,865.3788300835655,9.51809275829732e-09,1e-10,95.1809275829732
Complex tensor network,I-BP,868.4373259052925,7.03376458842904e-09,1e-10,70.3376458842904
Complex tensor network,I-BP,871.4958217270195,5.1978737276236055e-09,1e-10,51.97873727623605
Complex tensor network,I-BP,874.5543175487466,3.5470251834664264e-09,1e-10,35.47025183466426
Complex tensor network,I-BP,877.6128133704735,2.240885043083337e-09,1e-10,22.408850430833372
Complex tensor network,I-BP,880.6713091922005,1.4157119040827187e-09,1e-10,14.157119040827187
Complex tensor network,I-BP,883.7298050139276,1.5906781772212911e-09,1e-10,15.906781772212911
Complex tensor network,I-BP,886.7883008356546,2.7813701653397873e-09,1e-10,27.81370165339787
Complex tensor network,I-BP,889.8467966573817,4.863347034883088e-09,1e-10,48.63347034883088
Complex tensor network,I-BP,892.9052924791087,5.971800902489426e-09,1e-10,59.718009024894265
Complex tensor network,I-BP,895.9637883008356,5.920571159461119e-09,1e-10,59.20571159461119
Complex tensor network,I-BP,899.0222841225627,5.8697808963507805e-09,1e-10,58.6978089635078
Complex tensor network,I-BP,902.0807799442897,5.819422661588004e-09,1e-10,58.19422661588004
Complex tensor network,I-BP,905.1392757660167,5.7694947470050495e-09,1e-10,57.694947470050494
Complex tensor network,I-BP,908.1977715877438,5.719995190491219e-09,1e-10,57.19995190491219
Complex tensor network,I-BP,911.2562674094708,5.670920261002408e-09,1e-10,56.70920261002408
Complex tensor network,I-BP,914.3147632311977,5.622266352134261e-09,1e-10,56.22266352134261
Complex tensor network,I-BP,917.3732590529248,5.574029871609171e-09,1e-10,55.74029871609171
Complex tensor network,I-BP,920.4317548746518,5.515360672726481e-09,1e-10,55.15360672726481
Complex tensor network,I-BP,923.4902506963788,5.454546327135357e-09,1e-10,54.54546327135357
Complex tensor network,I-BP,926.5487465181059,5.394402542337808e-09,1e-10,53.94402542337808
Complex tensor network,I-BP,929.6072423398329,5.323732496734869e-09,1e-10,53.23732496734869
Complex tensor network,I-BP,932.66573816156,5.252079364864587e-09,1e-10,52.52079364864587
Complex tensor network,I-BP,935.7242339832869,5.181390626173354e-09,1e-10,51.81390626173354
Complex tensor network,I-BP,938.7827298050139,5.1000486478948816e-09,1e-10,51.000486478948815
Complex tensor network,I-BP,941.841225626741,5.018853103194301e-09,1e-10,50.18853103194301
Complex tensor network,I-BP,944.899721448468,4.938950235668837e-09,1e-10,49.38950235668837
Complex tensor network,I-BP,947.958217270195,4.8482681281135604e-09,1e-10,48.482681281135605
Complex tensor network,I-BP,951.016713091922,4.75885049399604e-09,1e-10,47.5885049399604
Complex tensor network,I-BP,954.075208913649,4.670775592731842e-09,1e-10,46.707755927318416
Complex tensor network,I-BP,957.133704735376,4.572417114731541e-09,1e-10,45.72417114731541
Complex tensor network,I-BP,960.1922005571031,4.476129896632826e-09,1e-10,44.76129896632826
Complex tensor network,I-BP,963.2506963788301,4.380863481230868e-09,1e-10,43.80863481230868
Complex tensor network,I-BP,966.309192200557,4.276603492025209e-09,1e-10,42.76603492025209
Complex tensor network,I-BP,969.3676880222841,4.174824782000164e-09,1e-10,41.74824782000164
Complex tensor network,I-BP,972.4261838440111,4.0737763889472644e-09,1e-10,40.737763889472646
Complex tensor network,I-BP,975.4846796657382,3.964991873390489e-09,1e-10,39.64991873390489
Complex tensor network,I-BP,978.5431754874652,3.859112296567488e-09,1e-10,38.59112296567488
Complex tensor network,I-BP,981.6016713091922,3.75369205030221e-09,1e-10,37.536920503022095
Complex tensor network,I-BP,984.6601671309193,3.6417613179834194e-09,1e-10,36.41761317983419
Complex tensor network,I-BP,987.7186629526462,3.53316822995446e-09,1e-10,35.331682299544596
Complex tensor network,I-BP,990.7771587743732,3.4247704817293725e-09,1e-10,34.24770481729372
Complex tensor network,I-BP,993.8356545961003,3.311055499318825e-09,1e-10,33.11055499318825
Complex tensor network,I-BP,996.8941504178273,3.2011162727709173e-09,1e-10,32.01116272770917
Complex tensor network,I-BP,999.9526462395543,3.091101544011285e-09,1e-10,30.91101544011285
Complex tensor network,I-BP,1003.0111420612814,2.976930003485798e-09,1e-10,29.769300034857977
Complex tensor network,I-BP,1006.0696378830083,2.86697545178464e-09,1e-10,28.669754517846396
Complex tensor network,I-BP,1009.1281337047354,2.756651609136297e-09,1e-10,27.566516091362967
Complex tensor network,I-BP,1012.1866295264624,2.6432995899345016e-09,1e-10,26.432995899345016
Complex tensor network,I-BP,1015.2451253481894,2.534608544290087e-09,1e-10,25.34608544290087
Complex tensor network,I-BP,1018.3036211699165,2.4252116979454784e-09,1e-10,24.252116979454783
Complex tensor network,I-BP,1021.3621169916435,2.3138873799698754e-09,1e-10,23.138873799698754
Complex tensor network,I-BP,1024.4206128133706,2.2076731741478673e-09,1e-10,22.07673174147867
Complex tensor network,I-BP,1027.4791086350974,2.1003481679901836e-09,1e-10,21.003481679901835
Complex tensor network,I-BP,1030.5376044568245,1.9921771423104686e-09,1e-10,19.921771423104687
Complex tensor network,I-BP,1033.5961002785516,1.889577083851765e-09,1e-10,18.89577083851765
Complex tensor network,I-BP,1036.6545961002785,1.7853566803685714e-09,1e-10,17.853566803685712
Complex tensor network,I-BP,1039.7130919220056,1.6813691456088698e-09,1e-10,16.813691456088698
Complex tensor network,I-BP,1042.7715877437327,1.5834383318978603e-09,1e-10,15.834383318978603
Complex tensor network,I-BP,1045.8300835654595,1.4832186264716213e-09,1e-10,14.832186264716212
Complex tensor network,I-BP,1048.8885793871866,1.3843391044656993e-09,1e-10,13.843391044656991
Complex tensor network,I-BP,1051.9470752089137,1.2920514359449041e-09,1e-10,12.92051435944904
Complex tensor network,I-BP,1055.0055710306406,1.1965572022235012e-09,1e-10,11.965572022235012
Complex tensor network,I-BP,1058.0640668523677,1.1035975024488674e-09,1e-10,11.035975024488673
Complex tensor network,I-BP,1061.1225626740948,1.0178597773246157e-09,1e-10,10.178597773246157
Complex tensor network,I-BP,1064.1810584958216,9.27582521562085e-10,1e-10,9.275825215620848
Complex tensor network,I-BP,1067.2395543175487,8.412404005757849e-10,1e-10,8.41240400575785
Complex tensor network,I-BP,1070.2980501392758,7.62935259246948e-10,1e-10,7.6293525924694805
Complex tensor network,I-BP,1073.356545961003,6.779877431576785e-10,1e-10,6.779877431576784
Complex tensor network,I-BP,1076.4150417827298,5.988592620452541e-10,1e-10,5.988592620452541
Complex tensor network,I-BP,1079.4735376044569,5.289659280078982e-10,1e-10,5.289659280078982
Complex tensor network,I-BP,1082.532033426184,4.486108110741361e-10,1e-10,4.486108110741361
Complex tensor network,I-BP,1085.5905292479108,3.772590834774661e-10,1e-10,3.7725908347746606
Complex tensor network,I-BP,1088.649025069638,3.1725587648117403e-10,1e-10,3.17255876481174
Complex tensor network,I-BP,1091.707520891365,2.372816494481633e-10,1e-10,2.372816494481633
Complex tensor network,I-BP,1094.7660167130919,1.7479076120221644e-10,1e-10,1.7479076120221644
Complex tensor network,I-BP,1097.824512534819,1.2875757679830188e-10,1e-10,1.2875757679830186
Complex tensor network,I-BP,1100.883008356546,8.400011738108359e-11,1e-10,0.8400011738108358
Complex tensor network,I-BP,1103.941504178273,5.4397168049249856e-11,1e-10,0.5439716804924986
Complex tensor network,I-BP,1107.0,3.522675900979882e-11,1e-10,0.3522675900979882
